,time,instance_events_type,collection_id,scheduling_class,collection_type,priority,alloc_collection_id,instance_index,machine_id,resource_request,constraint,collections_events_type,user,collection_name,collection_logical_name,start_after_collection_ids,vertical_scaling,scheduler,start_time,end_time,average_usage,maximum_usage,random_sample_usage,assigned_memory,page_cache_memory,cycles_per_instruction,memory_accesses_per_instruction,sample_rate,cpu_usage_distribution,tail_cpu_usage_distribution,cluster,event,failed
0,0,2,94591244395,3,1,200,0,144,168846390496,"{'cpus': 0.020660400390625, 'memory': 0.014434814453125}",[],2,fn8Ve4Tdl/FVVvwXFGIKe4+Wo4zLjUL/557qdFVYu5M=,Hzsv/gF8CPQXdqpsfovDTC1TJNyphDxPu7vaTeNxA74=,YCuhYrnORLiUh9WGL5q5tkBevfwtucSnFr2qPZh6Kes=,[],1.0,0.0,274800000000,275100000000,"{'cpus': 0.00466156005859375, 'memory': 0.00592041015625}","{'cpus': 0.01190185546875, 'memory': 0.0059356689453125}","{'cpus': 0.0043487548828125, 'memory': None}",0.014434814453125,0.0004148483276367,,,1.0,"[0.00314331 0.00381088 0.00401306 0.00415039 0.00432587 0.00449371
 0.00463104 0.00478363 0.00498962 0.00530243 0.01194763]","[0.00535583 0.00541687 0.00548553 0.00554657 0.00563812 0.00590515
 0.00687408 0.00946045 0.0113678 ]",7,FAIL,1
1,2517305308183,2,260697606809,2,0,360,221495397286,335,85515092,"{'cpus': 0.00724029541015625, 'memory': 0.0013027191162109375}",[],2,DrrEIEWkWuW7RrZwpHLCN0k0A2J0usJeyt3wtqzZ7Kk=,hDGffcrF/rhQQEG8Uns/RMUK7R15DXjFnRasoKFhefI=,wcRcAMuop2OqH9EW4feH919tadFec5a11ply0hcS/C8=,[],2.0,0.0,1800713000000,1800714000000,"{'cpus': 0.0, 'memory': 9.5367431640625e-07}","{'cpus': 0.0, 'memory': 9.5367431640625e-07}","{'cpus': 0.0, 'memory': None}",0.0,0.0,,,1.0,"[1.23977661e-05 1.23977661e-05 1.23977661e-05 1.23977661e-05
 1.23977661e-05 1.23977661e-05 1.23977661e-05 1.23977661e-05
 1.23977661e-05 1.23977661e-05 1.23977661e-05]","[1.23977661e-05 1.23977661e-05 1.23977661e-05 1.23977661e-05
 1.23977661e-05 1.23977661e-05 1.23977661e-05 1.23977661e-05
 1.23977661e-05]",7,FAIL,1
2,195684022913,6,276227177776,2,0,103,0,376,169321752432,"{'cpus': 0.048583984375, 'memory': 0.0041656494140625}",[],6,/ivQBmewiFcXfGJdCUsEKx47NiRE29Tjiq3gw+zR2Cg=,kk6+maA6fvAdJ+VTU8AcpzQPTyVrx+ySt0MXRAyO8FU=,zCA2dl2PDptd82Hob906gE82JHzx0SbqA4mZurqZdmY=,[],2.0,1.0,81300000000,81600000000,"{'cpus': 0.024200439453125, 'memory': 0.002788543701171875}","{'cpus': 0.06005859375, 'memory': 0.00284576416015625}","{'cpus': 0.026458740234375, 'memory': None}",0.0104217529296875,0.0002346038818359,0.9399186372756958,0.0013179824454709,1.0,"[0.01344299 0.01809692 0.0201416  0.02246094 0.02374268 0.02490234
 0.02606201 0.0269165  0.02764893 0.02877808 0.03137207]","[0.02902222 0.02929688 0.0295105  0.0296936  0.02987671 0.03012085
 0.03036499 0.03063965 0.03097534]",7,SCHEDULE,0
3,0,2,10507389885,3,0,200,0,1977,178294817221,"{'cpus': 0.0704345703125, 'memory': 0.0416259765625}",[],2,8qRmTJas/6XEBaA0l4Wt1+/qSLgc6p7u7JzoMSuT/M8=,fypwFjdqaQPSxCfeqVPCBAvFcnntmkRpQxwQ/vJsCxU=,uNjMQD1+DL9IgCFckx8lHOsCbyvLgKmZCmRjiyWZNhk=,[],2.0,0.0,1075500000000,1075800000000,"{'cpus': 0.047607421875, 'memory': 0.034423828125}","{'cpus': 0.13330078125, 'memory': 0.03466796875}","{'cpus': 0.05084228515625, 'memory': None}",0.0416259765625,0.0002250671386718,1.3591017723083496,0.0076428521424531,1.0,"[0.03704834 0.04125977 0.04290771 0.04425049 0.04559326 0.04675293
 0.04785156 0.04907227 0.05108643 0.05505371 0.06970215]","[0.05535889 0.05584717 0.05633545 0.05718994 0.059021   0.05987549
 0.06164551 0.06347656 0.06555176]",8,FAIL,1
4,1810627494172,3,25911621841,2,0,0,0,3907,231364893292,"{'cpus': 0.00244903564453125, 'memory': 0.00023174285888671875}",[],3,+cz+wEXttqDjld+YWLmrgqExjdqiHMZ2WZODThyR9jE=,WS2kraTQdfsFtOIepw9SIo7ETi2ag8uwy7gt2MrpIe0=,VJ0ExwthLLpbqbyOA77EoNypzEiPYg3mECxUve0GCnY=,[],3.0,0.0,1565315000000,1565317000000,"{'cpus': 0.000270843505859375, 'memory': 7.62939453125e-05}","{'cpus': 0.00041484832763671875, 'memory': 7.62939453125e-05}","{'cpus': 0.0003414154052734375, 'memory': None}",0.0002717971801757,9.5367431640625e-06,,,1.0,"[0.         0.         0.         0.         0.         0.0002079
 0.00041485 0.00041485 0.00041485 0.00041485 0.00041485]","[0.00041485 0.00041485 0.00041485 0.00041485 0.00041485 0.00041485
 0.00041485 0.00041485 0.00041485]",2,FINISH,0
5,1626744497194,6,235085571060,0,0,103,0,345,34202965855,"{'cpus': 0.0615234375, 'memory': 0.00540924072265625}",[],6,xlapNnqYDKgT7u9TD2X4dy8GpkM+D+v7FNzWXsBLeyc=,996RtMs3FHUuWlsGfE7/2aXRbePcVcf0kpYi2F+Byq8=,lX8LtVRuA/L7yyr6x3zVEWCoN3xxDzgcYXShuh9KUZU=,[],3.0,1.0,1626600000000,1626761000000,"{'cpus': 0.0794677734375, 'memory': 0.00323486328125}","{'cpus': 0.21923828125, 'memory': 0.00405120849609375}","{'cpus': 0.03631591796875, 'memory': None}",0.0054092407226562,0.0018444061279296,,,1.0,"[3.52859497e-05 1.76429749e-04 1.55067444e-03 4.40063477e-02
 8.56933594e-02 1.01928711e-01 1.11694336e-01 1.17675781e-01
 1.24023438e-01 1.32324219e-01 1.59912109e-01]","[0.13305664 0.1340332  0.13500977 0.13598633 0.14086914 0.14428711
 0.14794922 0.15014648 0.15454102]",5,SCHEDULE,0
6,130721370174,0,275444626052,1,0,117,0,13138,10129440520,"{'cpus': 0.00566864013671875, 'memory': 0.0015621185302734375}","[{'name': '5dEuieuWMFy+CNMBBf/uXNX5nP4Kgzeu0O6UizRNK3w=', 'value': '0', 'relation': 3}
 {'name': '9eCGRtl6XN5GQoOYGEjKtupBbtUoOaOPYRFw+pzH7IU=', 'value': '0', 'relation': 1}]",0,jW2GJpOlCheoSzGcwfmRjkjV6mYZo4DC43ej/X/OyjM=,dofW6DHLUdjD9tYkZ/hat2bA6+e2GD+yBwbpmUgPLks=,Q+ko0Cb6Sy8WkHKRTMcgJQz2RhdSkBtrNnARybcK4k8=,[],1.0,0.0,343800000000,344100000000,"{'cpus': 0.0042572021484375, 'memory': 0.001316070556640625}","{'cpus': 0.012481689453125, 'memory': 0.0016536712646484375}","{'cpus': 0.003154754638671875, 'memory': None}",0.0021896362304687,5.7220458984375e-06,0.6466888785362244,0.0079374993219971,1.0,"[0.00023937 0.00050068 0.00242233 0.00288773 0.00331116 0.00376511
 0.00482178 0.00593567 0.00666046 0.00740051 0.01254272]","[0.00743866 0.00748444 0.00752258 0.00760651 0.00769043 0.00777435
 0.0080719  0.01062012 0.01078796]",7,ENABLE,0
7,2373350421416,3,193223725812,2,0,103,0,393,447672988,"{'cpus': 0.022003173828125, 'memory': 0.0015010833740234375}",[],3,062wDMRDwqEvJU9SCE4WQ4ShulGBVG8WGeEcNoN23GA=,ZzY6C4/jBIeLrGNhYjEtwYJejtfAq9iSPeoA6gwV5Wg=,592j9ILjNCrNYFRzL91wGpX5mwQqY531R/tbmkwtYag=,[],2.0,1.0,455400000000,455700000000,"{'cpus': 0.0064697265625, 'memory': 0.0007581710815429688}","{'cpus': 0.027984619140625, 'memory': 0.000782012939453125}","{'cpus': 0.005615234375, 'memory': None}",0.001474380493164,5.91278076171875e-05,1.7679935693740845,0.0175051745027303,1.0,"[0.00054169 0.00374603 0.00450134 0.00513458 0.00567627 0.00614929
 0.00667572 0.00741577 0.00836182 0.00971985 0.01538086]","[0.0098877  0.01011658 0.01023865 0.01055908 0.01075745 0.01109314
 0.01142883 0.0118103  0.01313782]",7,FINISH,0
8,1970214287222,0,236368116431,0,0,0,0,19760,4236232523,"{'cpus': 0.0081024169921875, 'memory': 0.003612518310546875}","[{'name': '9eCGRtl6XN5GQoOYGEjKtupBbtUoOaOPYRFw+pzH7IU=', 'value': '0', 'relation': 1}]",0,ly4HE4d+6E8BqXgm6E1eGNKu8OiiZE+Gj/D4YUMRFDU=,EVN94d9fIFzR7ApTSdBG8VyV7YEmR+GB2LpjJ7QtWlM=,uXg7PS0QinS0hu2jPMkHebkDJpZMywmqm/pOwvdFE5s=,[],1.0,0.0,2249100000000,2249400000000,"{'cpus': 0.0002002716064453125, 'memory': 0.0006771087646484375}","{'cpus': 0.0008182525634765625, 'memory': 0.00067901611328125}","{'cpus': 0.0004930496215820312, 'memory': None}",0.006683349609375,9.5367431640625e-07,3.4928548336029053,0.0095059815794229,1.0,"[0.00013638 0.00014305 0.00015068 0.00015831 0.00016499 0.00017262
 0.00018597 0.00020313 0.00022125 0.00027275 0.00087166]","[0.00028133 0.00029087 0.00029945 0.00030804 0.00033474 0.00039577
 0.00049305 0.00051975 0.0005722 ]",5,ENABLE,0
9,2212203898561,6,296992962690,0,0,103,0,90,20826141104,"{'cpus': 0.09716796875, 'memory': 0.00676727294921875}","[{'name': '9eCGRtl6XN5GQoOYGEjKtupBbtUoOaOPYRFw+pzH7IU=', 'value': '0', 'relation': 1}
 {'name': '9eCGRtl6XN5GQoOYGEjKtupBbtUoOaOPYRFw+pzH7IU=', 'value': '1', 'relation': 1}
 {'name': '9eCGRtl6XN5GQoOYGEjKtupBbtUoOaOPYRFw+pzH7IU=', 'value': '3', 'relation': 1}]",6,/ivQBmewiFcXfGJdCUsEKx47NiRE29Tjiq3gw+zR2Cg=,4DMSCSr0O5pS09a++837RBUKtU21fttQGZN21mMBdq8=,QfYje8/3xU2t5LPD0FCVHwPzpCSTu5C/08Ps5jQ28qc=,[],2.0,1.0,2101200000000,2101500000000,"{'cpus': 0.0121917724609375, 'memory': 0.004119873046875}","{'cpus': 0.026611328125, 'memory': 0.004241943359375}","{'cpus': 0.0102996826171875, 'memory': None}",0.0067901611328125,0.0001583099365234,1.3624058961868286,0.0124485762789845,1.0,"[0.00172234 0.00854492 0.00947571 0.01029968 0.01101685 0.01193237
 0.01274109 0.01347351 0.01472473 0.01635742 0.02661133]","[0.01663208 0.0173645  0.01773071 0.0184021  0.0194397  0.02093506
 0.02212524 0.02279663 0.02362061]",7,SCHEDULE,0
10,36255576255,6,454520770906,0,1,116,0,1758,92336375,"{'cpus': 0.01629638671875, 'memory': 0.0048370361328125}",[],6,p8OV+3HkL8g1uZ11dkCrMGCfAcRJerNDEbjByNP8mcY=,NcT13d7u6Tqsoalsolc+atqUXzKaIvVxt3iaeH2mfiM=,hIeqVvuzPwTMECrlkuOctN3nGqgux7njzTb6U+Sgp5c=,[],2.0,1.0,120300000000,120600000000,"{'cpus': 0.000518798828125, 'memory': 0.0026702880859375}","{'cpus': 0.0023345947265625, 'memory': 0.0026702880859375}","{'cpus': 0.000492095947265625, 'memory': None}",0.0050125122070312,0.0005407333374023,,,1.0,[0. 0. 0. 0. 0. 0. 0. 0. 0. 0. 0.],[0. 0. 0. 0. 0. 0. 0. 0. 0.],2,SCHEDULE,0
11,723622816016,1,346556401280,1,0,103,0,8880,19641579566,"{'cpus': 0.04119873046875, 'memory': 0.0104217529296875}",[],1,N4z3CQhsZb0Z/6KYX+6Y6CyETgv5iobfcL+/h+RZeA4=,9CN0XhKlXssUPaH7dh0fXYJ2pKJQBkhWP4VNkHaxYAU=,razr6Q7g2n+P+ozt+AY4VoddAyNIunXkvdiD2gnSFC0=,[],2.0,1.0,708228000000,708231000000,"{'cpus': 0.001049041748046875, 'memory': 6.580352783203125e-05}","{'cpus': 0.013275146484375, 'memory': 6.961822509765625e-05}","{'cpus': 0.0047454833984375, 'memory': None}",0.0104217529296875,2.86102294921875e-06,0.9983146786689758,0.0028721294365823,1.0,"[0.00000000e+00 0.00000000e+00 0.00000000e+00 0.00000000e+00
 8.58306885e-06 2.19345093e-05 3.52859497e-05 1.90162659e-03
 1.90162659e-03 1.90162659e-03 1.90162659e-03]","[0.00190163 0.00190163 0.00190163 0.00190163 0.00190163 0.00190163
 0.00190163 0.00190163 0.00190163]",6,EVICT,0
12,204389347359,3,39516992187,2,0,0,0,3658,374219354303,"{'cpus': 0.0025177001953125, 'memory': 0.00022125244140625}",[],3,+cz+wEXttqDjld+YWLmrgqExjdqiHMZ2WZODThyR9jE=,WS2kraTQdfsFtOIepw9SIo7ETi2ag8uwy7gt2MrpIe0=,VJ0ExwthLLpbqbyOA77EoNypzEiPYg3mECxUve0GCnY=,[],3.0,0.0,85136000000,85138000000,"{'cpus': 0.0, 'memory': 8.58306884765625e-06}","{'cpus': 0.0, 'memory': 8.58306884765625e-06}","{'cpus': 0.0, 'memory': None}",0.0002317428588867,0.0,1.417979121208191,0.0033657178282737,1.0,[0. 0. 0. 0. 0. 0. 0. 0. 0. 0. 0.],[0. 0. 0. 0. 0. 0. 0. 0. 0.],1,FINISH,0
13,1659671622423,5,784488673642,1,0,105,0,7776,13240065175,"{'cpus': 0.0004405975341796875, 'memory': 0.011016845703125}",[],5,+pEi4UWjK+Z87VFhehFntjxliEHRzmohnK5X1T3UYZU=,E9WF/Q8KHGGSbAlLBCwY7sX2YtV2vHDhUNjmGqF6ugU=,aO3GLFVWQoYjAjR6Y8EmWkQOBXuJwYUTTrUD+1YvgE4=,[],3.0,1.0,1342800000000,1343100000000,"{'cpus': 0.00021839141845703125, 'memory': 0.000896453857421875}","{'cpus': 0.0007944107055664062, 'memory': 0.0008993148803710938}","{'cpus': 0.00012874603271484375, 'memory': None}",0.011016845703125,7.62939453125e-06,3.684666156768799,0.017217393964529,1.0,"[0.00010395 0.00014496 0.00016403 0.00018024 0.00019073 0.00020123
 0.00021172 0.00022602 0.00025082 0.00029659 0.00079441]","[0.00030327 0.00031376 0.00032997 0.00034714 0.0003624  0.0003767
 0.00039101 0.0004406  0.00061607]",4,LOST,0
14,365676977693,5,784634965149,2,0,360,698302716873,641,50769016368,"{'cpus': 0.0142059326171875, 'memory': 0.0013027191162109375}",[],5,DrrEIEWkWuW7RrZwpHLCN0k0A2J0usJeyt3wtqzZ7Kk=,Kl7WbluvFFOhK3UA25IoljEUhvkXn3SO+8jkFeRkTtY=,mOIaNf8mXWKMT1ODsgfz3yhpFBedgNmcMaskvu55SBc=,[],2.0,0.0,1051589000000,1051607000000,"{'cpus': 0.0018672943115234375, 'memory': 0.00031757354736328125}","{'cpus': 0.00717926025390625, 'memory': 0.0005359649658203125}","{'cpus': 0.0010547637939453125, 'memory': None}",0.0,0.000197410583496,,,1.0,"[0.00000000e+00 7.91549683e-05 2.02178955e-04 5.01632690e-04
 5.80787659e-04 9.68933105e-04 1.09100342e-03 1.25885010e-03
 4.52423096e-03 6.53076172e-03 7.19451904e-03]","[0.00654602 0.00656891 0.00658417 0.00659943 0.00719452 0.00719452
 0.00719452 0.00719452 0.00719452]",4,LOST,0
15,1129358774407,5,330587204926,2,0,360,330587135936,882,104790909291,"{'cpus': 0.02288818359375, 'memory': 0.0013027191162109375}",[],5,DrrEIEWkWuW7RrZwpHLCN0k0A2J0usJeyt3wtqzZ7Kk=,sKvpQodvOVYLFyh/UzTcFk1/JfjwK22JNnim9cKg1Rs=,mOIaNf8mXWKMT1ODsgfz3yhpFBedgNmcMaskvu55SBc=,[],2.0,0.0,1475400000000,1475700000000,"{'cpus': 0.031982421875, 'memory': 0.01922607421875}","{'cpus': 0.0692138671875, 'memory': 0.0206298828125}","{'cpus': 0.03131103515625, 'memory': None}",0.0,0.0021095275878906,0.8303585648536682,0.0012820601696148,1.0,"[0.00041485 0.02163696 0.02450562 0.02798462 0.03143311 0.03430176
 0.03656006 0.0380249  0.03936768 0.0425415  0.04949951]","[0.04284668 0.04309082 0.043396   0.04370117 0.04394531 0.04431152
 0.04467773 0.04534912 0.04718018]",1,LOST,0
16,0,2,27762125863,3,0,450,27762125764,37,32343383224,"{'cpus': 0.0, 'memory': 0.00423431396484375}",[],2,wCn+ghu8PJtxrZGYHh7myaXzhOnxiWYu5XZf/2M2slc=,qh0zEKvE2Y0oMwcle6oMXykp0AbVFsAttr1FFWAb8U8=,mUR05ooQ4D8BVg0lbmiYMFjnVso6Op0kBLW+aWo3UnU=,[],1.0,0.0,2361900000000,2362200000000,"{'cpus': 0.01812744140625, 'memory': 0.0020751953125}","{'cpus': 0.0556640625, 'memory': 0.002132415771484375}","{'cpus': 0.021026611328125, 'memory': None}",0.0,0.0001916885375976,2.249922513961792,0.0129755167290568,0.996666669845581,"[0.01094055 0.01216125 0.01289368 0.01347351 0.015625   0.01867676
 0.02084351 0.02191162 0.0227356  0.02441406 0.02902222]","[0.02453613 0.0246582  0.02481079 0.0249939  0.02520752 0.02563477
 0.02600098 0.0267334  0.02740479]",2,FAIL,1
17,1584163989226,0,288497456405,3,0,200,288497448483,1629,87028529945,"{'cpus': 0.0081024169921875, 'memory': 0.003856658935546875}",[],0,SGB2DRFNGsxqRJxWpux+PkH4xQ3fdsh9kWSh4KZpt6k=,JFK8CNefVFr6n71NK4Yhau5fB/7WrP6e7DJ1fuOEds0=,YZhZOzqtY/90ThVRZZhWkwgHMQ1bjKM17MH/b2swkHQ=,[],1.0,0.0,2546100000000,2546400000000,"{'cpus': 0.00037860870361328125, 'memory': 0.001953125}","{'cpus': 0.0050048828125, 'memory': 0.001964569091796875}","{'cpus': 0.001186370849609375, 'memory': None}",0.0,0.0008172988891601,3.1568944454193115,0.0163277853280305,1.0,"[0.00024796 0.00026894 0.00027657 0.00028419 0.00029182 0.00030041
 0.00030804 0.00033092 0.00036907 0.00059032 0.00502014]","[0.000597   0.00060463 0.00061226 0.00062084 0.00063419 0.00064754
 0.0006609  0.00070572 0.00096989]",6,ENABLE,0
18,296066697739,1,784245858759,1,0,105,0,2198,5567221068,"{'cpus': 0.0089874267578125, 'memory': 0.016693115234375}","[{'name': '9eCGRtl6XN5GQoOYGEjKtupBbtUoOaOPYRFw+pzH7IU=', 'value': '0', 'relation': 1}]",1,55OBkge0TdwJ8JGd2ZQyqWmOalmz1ZMCWIvJXzeQBic=,PT2sGYinxxwrtBO9Av5HnLJzDAXwxNUxsVlayv6j790=,G1oqPIWBYquLPW5P/YdMCnflxcs9aXitxHQStj8KYv8=,[],2.0,1.0,295905000000,295946000000,"{'cpus': 0.0088348388671875, 'memory': 0.00567626953125}","{'cpus': 0.020294189453125, 'memory': 0.00567626953125}","{'cpus': 0.0081634521484375, 'memory': None}",0.0149688720703125,0.0001983642578125,,,1.0,"[0.00793457 0.00805664 0.00813293 0.00820923 0.008255   0.00830078
 0.00837708 0.00875854 0.00924683 0.009552   0.02023315]","[0.00961304 0.00967407 0.00975037 0.00982666 0.00990295 0.01031494
 0.01039124 0.02023315 0.02023315]",4,EVICT,0
19,116367066181,2,781395587588,2,0,360,698302736982,247,263475209,"{'cpus': 0.013519287109375, 'memory': 0.0013027191162109375}",[],2,DrrEIEWkWuW7RrZwpHLCN0k0A2J0usJeyt3wtqzZ7Kk=,sKvpQodvOVYLFyh/UzTcFk1/JfjwK22JNnim9cKg1Rs=,mOIaNf8mXWKMT1ODsgfz3yhpFBedgNmcMaskvu55SBc=,[],2.0,0.0,174900000000,175200000000,"{'cpus': 0.0322265625, 'memory': 0.019287109375}","{'cpus': 0.1099853515625, 'memory': 0.020599365234375}","{'cpus': 0.044921875, 'memory': None}",0.0,0.0011310577392578,1.098496437072754,0.0037899813614785,1.0,"[0.00031757 0.00987244 0.01647949 0.01849365 0.02090454 0.02407837
 0.02920532 0.0411377  0.05474854 0.06884766 0.08862305]","[0.07092285 0.07177734 0.07250977 0.07568359 0.07714844 0.078125
 0.07946777 0.08129883 0.08508301]",4,FAIL,1
20,2220916046503,2,39516997747,2,0,0,0,2249,20738137,"{'cpus': 0.001861572265625, 'memory': 0.00019931793212890625}",[],2,+cz+wEXttqDjld+YWLmrgqExjdqiHMZ2WZODThyR9jE=,AbfLM/72wWE5g5N3WQHZ1wC0R8mV5trtLcKtgLVs88I=,ie5iGahM0adHFVwiIPBS9clQiQ0SrDQhN8bgC3FIUuI=,[],3.0,0.0,1627457000000,1627484000000,"{'cpus': 0.00030994415283203125, 'memory': 0.00013065338134765625}","{'cpus': 0.00144195556640625, 'memory': 0.0001373291015625}","{'cpus': 0.00031185150146484375, 'memory': None}",0.000258445739746,8.58306884765625e-06,,,0.9629629850387572,"[0.00019264 0.00024414 0.00026989 0.00027847 0.00028801 0.00029755
 0.00030613 0.0003233  0.00034142 0.00041199 0.00043201]","[0.0004158  0.00041962 0.00042343 0.00042725 0.00043106 0.00043201
 0.00043201 0.00043201 0.00043201]",1,FAIL,1
21,1892214193263,3,359738464136,1,0,200,0,7339,12064877,"{'cpus': 0.00566864013671875, 'memory': 0.00262451171875}","[{'name': '5dEuieuWMFy+CNMBBf/uXNX5nP4Kgzeu0O6UizRNK3w=', 'value': '0', 'relation': 3}
 {'name': '9eCGRtl6XN5GQoOYGEjKtupBbtUoOaOPYRFw+pzH7IU=', 'value': '0', 'relation': 1}]",3,Q7DV+pm/ELG8CGppC/HoIb2Jznc5Bom1oq1jVb0v2hk=,0va0QfN3GaokXiIDSE24dYt25Z1e7hTNC9ngmKJ+iOo=,GROrxokNbRMmFd1J1BFbszK3+uUiGoMmCIiBjJlGRf0=,[],1.0,0.0,2134800000000,2135100000000,"{'cpus': 0.0080108642578125, 'memory': 0.0017719268798828125}","{'cpus': 0.0179443359375, 'memory': 0.001873016357421875}","{'cpus': 0.0086517333984375, 'memory': None}",0.00262451171875,1.430511474609375e-05,1.2104277610778809,0.0064717070199549,1.0,"[0.00125504 0.00666809 0.00787354 0.00823975 0.00837708 0.00848389
 0.00856018 0.00863647 0.00871277 0.00881958 0.0093689 ]","[0.00883484 0.0088501  0.00886536 0.00889587 0.00892639 0.00895691
 0.00898743 0.00900269 0.00920105]",6,FINISH,0
22,104045399544,5,261356905709,2,0,360,221495363839,2234,394193961,"{'cpus': 0.0056304931640625, 'memory': 0.0013027191162109375}",[],5,DrrEIEWkWuW7RrZwpHLCN0k0A2J0usJeyt3wtqzZ7Kk=,RDSLTTgiZ9Zuj6f+Ff4+JyQIOxL87elr8WTXBjnam3s=,wcRcAMuop2OqH9EW4feH919tadFec5a11ply0hcS/C8=,[],2.0,0.0,2475300000000,2475600000000,"{'cpus': 0.011505126953125, 'memory': 0.00662994384765625}","{'cpus': 0.04901123046875, 'memory': 0.0099639892578125}","{'cpus': 0.0123291015625, 'memory': None}",0.0,0.0009479522705078,0.9741879105567932,0.0025473260320723,1.0,"[0.00010777 0.00026417 0.00058746 0.0011673  0.00624847 0.00996399
 0.01190186 0.01855469 0.02166748 0.02706909 0.04931641]","[0.02801514 0.02862549 0.02935791 0.03012085 0.03079224 0.03167725
 0.03326416 0.03588867 0.0380249 ]",7,LOST,0
23,1645022954884,3,260725669813,2,0,360,221495346314,1162,169719135002,"{'cpus': 0.0111541748046875, 'memory': 0.0013027191162109375}",[],3,DrrEIEWkWuW7RrZwpHLCN0k0A2J0usJeyt3wtqzZ7Kk=,QsRYzXDSVqCBzEECAKytCJ0/WlcRIFMO90rDLVzkkiA=,wcRcAMuop2OqH9EW4feH919tadFec5a11ply0hcS/C8=,[],2.0,0.0,25800000000,26100000000,"{'cpus': 0.0006113052368164062, 'memory': 0.00528717041015625}","{'cpus': 0.001392364501953125, 'memory': 0.0052947998046875}","{'cpus': 0.0007009506225585938, 'memory': None}",0.0,0.0024795532226562,2.360443353652954,0.0098194610327482,1.0,"[0.00036621 0.0004425  0.00048447 0.00051212 0.00053883 0.00056458
 0.00059509 0.00064659 0.00075245 0.00083542 0.00122833]","[0.00085449 0.00087643 0.00089359 0.00090981 0.00092697 0.0009594
 0.00099945 0.00104332 0.00113106]",7,FINISH,0
24,1107843725046,5,348547152567,2,0,360,271641564264,773,13606987988,"{'cpus': 0.020172119140625, 'memory': 0.0013027191162109375}",[],5,DrrEIEWkWuW7RrZwpHLCN0k0A2J0usJeyt3wtqzZ7Kk=,d62biW/uJqfFDumZ7OJ/lxr9JOmfQXDacErszzg0sjs=,mOIaNf8mXWKMT1ODsgfz3yhpFBedgNmcMaskvu55SBc=,[],2.0,0.0,1078200000000,1078500000000,"{'cpus': 0.0338134765625, 'memory': 0.0186767578125}","{'cpus': 0.1065673828125, 'memory': 0.019287109375}","{'cpus': 0.04022216796875, 'memory': None}",0.0,0.001230239868164,0.8754590153694153,0.0081584025174379,1.0,"[0.00753021 0.02182007 0.02661133 0.02938843 0.0324707  0.03497314
 0.03771973 0.0402832  0.0423584  0.04418945 0.04931641]","[0.04437256 0.04455566 0.0447998  0.04510498 0.04534912 0.0456543
 0.04608154 0.04656982 0.04748535]",6,LOST,0
25,291751027340,6,740922797544,0,0,103,0,406,714666470015,"{'cpus': 0.0810546875, 'memory': 0.00443267822265625}",[],6,J/OkBjI+ebvgHCHhWGb59HaVGjmTN8u1f6El0LhNSQs=,vjduOujpEMb0aKfVgPrPDbMgByQH+8b3v0lujv45gnI=,HHCCfOaWrQu0V2/l1jl1pugl6eaW060FHE29fl3/TX8=,[],2.0,1.0,291299000000,291300000000,"{'cpus': 0.0, 'memory': 0.0006971359252929688}","{'cpus': 0.0, 'memory': 0.0006971359252929688}","{'cpus': 0.0, 'memory': None}",0.0044326782226562,0.0006732940673828,,,1.0,[0. 0. 0. 0. 0. 0. 0. 0. 0. 0. 0.],[0. 0. 0. 0. 0. 0. 0. 0. 0.],3,SCHEDULE,0
26,0,2,5424274343,3,1,200,0,833,43996204375,"{'cpus': 0.03240966796875, 'memory': 0.01690673828125}","[{'name': '9eCGRtl6XN5GQoOYGEjKtupBbtUoOaOPYRFw+pzH7IU=', 'value': '0', 'relation': 1}]",2,zMQ8xQPgrFREflG9AXyXmnoe7dW1GgFREXw4E+gXVN4=,RVgrM8mcjiTCLhKE0VZ8HSxNdK7oUczrixmy5KeYi7w=,QXeNsvCbWax3nfvtvlZvhbFRnc9hzvkpWpJ7mUmOFwQ=,[],1.0,0.0,2490300000000,2490600000000,"{'cpus': 0.0118255615234375, 'memory': 0.0101318359375}","{'cpus': 0.02691650390625, 'memory': 0.0101318359375}","{'cpus': 0.01220703125, 'memory': None}",0.01690673828125,0.0007705688476562,,,1.0,"[0.00791931 0.00979614 0.01028442 0.01087952 0.0112915  0.01158142
 0.01203918 0.01249695 0.01312256 0.014328   0.01745605]","[0.01445007 0.01454163 0.01463318 0.01472473 0.01483154 0.0149231
 0.01554871 0.01593018 0.01699829]",2,FAIL,1
27,1972894784798,2,236368116431,0,0,0,0,14858,27145690,"{'cpus': 0.0081024169921875, 'memory': 0.003612518310546875}","[{'name': '9eCGRtl6XN5GQoOYGEjKtupBbtUoOaOPYRFw+pzH7IU=', 'value': '0', 'relation': 1}]",2,ly4HE4d+6E8BqXgm6E1eGNKu8OiiZE+Gj/D4YUMRFDU=,EVN94d9fIFzR7ApTSdBG8VyV7YEmR+GB2LpjJ7QtWlM=,uXg7PS0QinS0hu2jPMkHebkDJpZMywmqm/pOwvdFE5s=,[],1.0,0.0,2103600000000,2103900000000,"{'cpus': 0.00015163421630859375, 'memory': 0.0006961822509765625}","{'cpus': 0.000965118408203125, 'memory': 0.000698089599609375}","{'cpus': 0.00016021728515625, 'memory': None}",0.006683349609375,1.1444091796875e-05,4.202824115753174,0.0149781927466392,1.0,"[0.00010586 0.00011063 0.00011539 0.00012112 0.00012589 0.00013161
 0.00014687 0.00016403 0.00018311 0.00020885 0.00096607]","[0.00021172 0.00021458 0.00021648 0.00021935 0.0002346  0.00025654
 0.00027847 0.00030041 0.00032997]",5,FAIL,1
28,49875509650,6,454520770906,0,1,116,0,814,16458020816,"{'cpus': 0.01629638671875, 'memory': 0.003383636474609375}",[],6,p8OV+3HkL8g1uZ11dkCrMGCfAcRJerNDEbjByNP8mcY=,NcT13d7u6Tqsoalsolc+atqUXzKaIvVxt3iaeH2mfiM=,hIeqVvuzPwTMECrlkuOctN3nGqgux7njzTb6U+Sgp5c=,[],2.0,1.0,120300000000,120600000000,"{'cpus': 0.000518798828125, 'memory': 0.0026702880859375}","{'cpus': 0.0023345947265625, 'memory': 0.0026702880859375}","{'cpus': 0.000492095947265625, 'memory': None}",0.0050125122070312,0.0005407333374023,,,1.0,[0. 0. 0. 0. 0. 0. 0. 0. 0. 0. 0.],[0. 0. 0. 0. 0. 0. 0. 0. 0.],2,SCHEDULE,0
29,1456976341842,6,755686677250,0,0,105,0,7590,21471662832,"{'cpus': 0.00662994384765625, 'memory': 0.00368499755859375}",[],6,fyVrWxhkLIMjl2J3LD3cpOWRuMUdb9sqYAI1OSXrPX0=,WFDT2cA4Z2GGeRBluqNbpAEp9fFYRZWWryfAbA6iGY8=,XEEbVRdt29HOHVFyVxuJXKjH14AJpv2bK56r7DrIL8Q=,[],2.0,1.0,1447200000000,1447500000000,"{'cpus': 0.00020599365234375, 'memory': 0.0015354156494140625}","{'cpus': 0.001384735107421875, 'memory': 0.001605987548828125}","{'cpus': 0.00016689300537109375, 'memory': None}",0.0032501220703125,0.000258445739746,3.973978996276856,0.0164353270083665,1.0,"[0.00013924 0.00014782 0.0001564  0.00016499 0.00017357 0.00018311
 0.0001936  0.00020409 0.00021362 0.000247   0.00138474]","[0.00025272 0.0002594  0.00026989 0.0002861  0.00030231 0.0003233
 0.00034523 0.00039577 0.0011673 ]",3,SCHEDULE,0
30,347043067005,5,784956094732,2,0,360,698302721875,1549,19503490364,"{'cpus': 0.0139312744140625, 'memory': 0.0013027191162109375}",[],5,DrrEIEWkWuW7RrZwpHLCN0k0A2J0usJeyt3wtqzZ7Kk=,6lgugaM3R/5B+BxQatQ96l+Wm31Pep7p+aHc6GN5rtc=,mOIaNf8mXWKMT1ODsgfz3yhpFBedgNmcMaskvu55SBc=,[],2.0,0.0,735574000000,735581000000,"{'cpus': 3.337860107421875e-05, 'memory': 1.1444091796875e-05}","{'cpus': 0.0002899169921875, 'memory': 7.43865966796875e-05}","{'cpus': 9.5367431640625e-07, 'memory': None}",0.0,0.0003986358642578,0.9051839113235474,0.0025854299310594,1.0,"[0.00000000e+00 0.00000000e+00 4.76837158e-06 1.23977661e-05
 2.00271606e-05 2.76565552e-05 3.52859497e-05 4.29153442e-05
 7.05718994e-05 1.87873840e-04 1.87873840e-04]","[0.00018787 0.00018787 0.00018787 0.00018787 0.00018787 0.00018787
 0.00018787 0.00018787 0.00018787]",4,LOST,0
31,46830230745,0,294544747384,1,0,103,0,7770,217541768934,"{'cpus': 0.0066070556640625, 'memory': 0.00521087646484375}",[],0,DHJYL1IYxKn7+hgqicbUBV4/cAvCGBBmmpO+F9Rb1P4=,19SMgCt1aK90R6W4fqUiS5zCFCLX9WGFoY663Yencyk=,uTF49iJIJ/1iSywCxEeXcS9Q0ficGBx247YMAqAE4ZE=,[],1.0,1.0,1812600000000,1812900000000,"{'cpus': 0.0008907318115234375, 'memory': 0.00109100341796875}","{'cpus': 0.00299072265625, 'memory': 0.00110626220703125}","{'cpus': 0.0008020401000976562, 'memory': None}",0.0052108764648437,0.0003108978271484,2.847310781478882,0.0192807111889123,1.0,"[0.00064087 0.00072861 0.00076103 0.00078964 0.00081539 0.00084019
 0.00086308 0.00089073 0.0009346  0.0010891  0.00170898]","[0.00111198 0.00117683 0.00122452 0.00138092 0.00145531 0.00148773
 0.00152016 0.00160217 0.00165176]",8,ENABLE,0
32,0,2,36195154546,3,0,200,36195149360,4818,10511923865,"{'cpus': 0.0081024169921875, 'memory': 0.003612518310546875}","[{'name': '9eCGRtl6XN5GQoOYGEjKtupBbtUoOaOPYRFw+pzH7IU=', 'value': '0', 'relation': 1}]",2,+tvHHpU79T6KNqPFO5KYRfjslYLDrIq4QS+CQ98QCEY=,W2EAl+TlTx2am7UsIHxtNSTsgf4GnYKvWDGzLiHDnYg=,+8zjsRs5K5FJbYM2uEBMYG0SqqyM6WIsnMVkRIKCQxQ=,[],1.0,0.0,1988700000000,1989000000000,"{'cpus': 0.002574920654296875, 'memory': 0.00391387939453125}","{'cpus': 0.0139923095703125, 'memory': 0.00391387939453125}","{'cpus': 0.002742767333984375, 'memory': None}",0.0,0.000288963317871,3.4918112754821777,0.0270284600555896,1.0,"[0.00083542 0.00124359 0.00146675 0.00173378 0.00201035 0.00218201
 0.00244904 0.00274277 0.00313568 0.00421906 0.01399231]","[0.00447083 0.0045929  0.00479889 0.00514221 0.00532532 0.00556946
 0.00600433 0.00714874 0.01045227]",8,FAIL,1
33,1970458727091,0,236368116431,0,0,0,0,43387,18827640781,"{'cpus': 0.0081024169921875, 'memory': 0.003612518310546875}","[{'name': '9eCGRtl6XN5GQoOYGEjKtupBbtUoOaOPYRFw+pzH7IU=', 'value': '0', 'relation': 1}]",0,ly4HE4d+6E8BqXgm6E1eGNKu8OiiZE+Gj/D4YUMRFDU=,EVN94d9fIFzR7ApTSdBG8VyV7YEmR+GB2LpjJ7QtWlM=,uXg7PS0QinS0hu2jPMkHebkDJpZMywmqm/pOwvdFE5s=,[],1.0,0.0,2249100000000,2249400000000,"{'cpus': 0.0002002716064453125, 'memory': 0.0006771087646484375}","{'cpus': 0.0008182525634765625, 'memory': 0.00067901611328125}","{'cpus': 0.0004930496215820312, 'memory': None}",0.006683349609375,9.5367431640625e-07,3.4928548336029053,0.0095059815794229,1.0,"[0.00013638 0.00014305 0.00015068 0.00015831 0.00016499 0.00017262
 0.00018597 0.00020313 0.00022125 0.00027275 0.00087166]","[0.00028133 0.00029087 0.00029945 0.00030804 0.00033474 0.00039577
 0.00049305 0.00051975 0.0005722 ]",5,ENABLE,0
34,2521770701475,6,327090859844,3,1,200,0,31,157006961547,"{'cpus': 0.0, 'memory': 0.0994873046875}",[],6,u+zKgEu6WWmeSpSr3KtTW7SrAqslzL27ceWoLUPgm6U=,xOzg89Pa566IYPB3400RBw/M1YHfmBtTUTNNu9Ho1dU=,MhqZTbK4ZnEr5h1BIhRj17VriHa85yfotxyh/YMxvZ4=,[],1.0,0.0,2506500000000,2506800000000,"{'cpus': 0.0004425048828125, 'memory': 0.00615692138671875}","{'cpus': 0.00545501708984375, 'memory': 0.00616455078125}","{'cpus': 0.000370025634765625, 'memory': None}",0.0994873046875,0.0006332397460937,,,1.0,"[0.00017071 0.00018215 0.00018787 0.00019455 0.00020123 0.00020695
 0.00021362 0.0002203  0.00026417 0.00038433 0.00534058]","[0.00040817 0.00045586 0.00053215 0.00054741 0.00056362 0.00063229
 0.00072289 0.00112724 0.0032196 ]",8,SCHEDULE,0
35,0,0,212549666260,1,0,117,0,3642,34254440201,"{'cpus': 0.00739288330078125, 'memory': 0.0106658935546875}",[],0,jW2GJpOlCheoSzGcwfmRjkjV6mYZo4DC43ej/X/OyjM=,dofW6DHLUdjD9tYkZ/hat2bA6+e2GD+yBwbpmUgPLks=,Q+ko0Cb6Sy8WkHKRTMcgJQz2RhdSkBtrNnARybcK4k8=,[],1.0,0.0,520231000000,520232000000,"{'cpus': 0.0, 'memory': 9.5367431640625e-07}","{'cpus': 0.0, 'memory': 9.5367431640625e-07}","{'cpus': 0.0, 'memory': None}",0.0015621185302734,0.0,,,1.0,[],[],5,ENABLE,0
36,0,2,742309193032,0,0,103,0,932,5567043389,"{'cpus': 0.002025604248046875, 'memory': 0.001369476318359375}",[],2,f1agrBDO8vPOWqVOfdXzjn/FXlIpWCAleZE0kZwR9Dw=,OaUDGE9y5GYcFj/9P+4faJt67yzHYX//OoOnaCbwdMI=,dUiqtAAcjiie/WdnTQrCfJeJSu+toP5UDZPlhTJpCoY=,[],1.0,1.0,330000000000,330300000000,"{'cpus': 0.00010204315185546875, 'memory': 0.0004482269287109375}","{'cpus': 0.0005970001220703125, 'memory': 0.00044918060302734375}","{'cpus': 8.678436279296875e-05, 'memory': None}",0.0022773742675781,9.5367431640625e-07,2.353151798248291,0.0068508638069033,1.0,"[7.05718994e-05 7.43865967e-05 7.91549683e-05 8.39233398e-05
 8.96453857e-05 9.72747803e-05 1.05857849e-04 1.13487244e-04
 1.22070312e-04 1.30653381e-04 5.97953796e-04]","[0.00013065 0.00013161 0.00014114 0.0001545  0.00016689 0.0001812
 0.0001955  0.00021076 0.00026417]",4,FAIL,1
37,841608467990,5,382097962345,0,0,200,0,880,376665049364,"{'cpus': 0.0014972686767578125, 'memory': 0.0008554458618164062}",[],5,65cQTKg4RY0cw6wNHATarIqU6l5Yc2+sbFK5arfjCwk=,zpD9J3ZzovUudiyCQBvSpUJkdZlRof221D+fPljiVvM=,H5bzplCwVO8I4dsd2UoojkGpeVeWe1EnI4f1st/nXdY=,[],3.0,0.0,842400000000,842700000000,"{'cpus': 0.00017452239990234375, 'memory': 0.0013027191162109375}","{'cpus': 0.0007162094116210938, 'memory': 0.00130462646484375}","{'cpus': 0.0001697540283203125, 'memory': None}",0.0037765502929687,4.100799560546875e-05,4.69666051864624,0.0173966642469167,1.0,"[0.00011253 0.00013733 0.00014305 0.00014973 0.0001564  0.00016308
 0.00016975 0.00017643 0.00019741 0.00021839 0.00071526]","[0.00022125 0.00023079 0.00024128 0.00025082 0.00026131 0.00027561
 0.00029182 0.00030899 0.00034142]",1,LOST,0
38,1251271318656,2,116646838687,1,0,200,0,17,33179578311,"{'cpus': 0.00113677978515625, 'memory': 0.00650787353515625}",[],2,zmpRXVnbga1UZsXYDI1kovjFavrvXMEXoCac0B3oSE4=,qKgaTdS7qX1AXkM4j1iU5QW3jOiet4pcDU0ZUgPYK+c=,073MP4GwcDLt9pohYTMXAdH/L62t8+BOYI4h69cbrQM=,[],2.0,0.0,361200000000,361217000000,"{'cpus': 0.0019683837890625, 'memory': 0.0006999969482421875}","{'cpus': 0.00555419921875, 'memory': 0.000759124755859375}","{'cpus': 9.441375732421875e-05, 'memory': None}",0.006500244140625,0.0003204345703125,,,1.0,"[3.62396240e-05 5.53131104e-05 8.20159912e-05 1.02996826e-04
 1.23023987e-04 2.20298767e-04 6.95228577e-04 3.94439697e-03
 4.69970703e-03 5.24902344e-03 5.53894043e-03]","[0.00525665 0.00526428 0.00527191 0.00527954 0.00553894 0.00553894
 0.00553894 0.00553894 0.00553894]",3,FAIL,1
39,1383134305581,5,314637133793,2,0,360,261561487633,1269,287160285044,"{'cpus': 0.022308349609375, 'memory': 0.0013027191162109375}",[],5,DrrEIEWkWuW7RrZwpHLCN0k0A2J0usJeyt3wtqzZ7Kk=,wbW7/XG4/CrDE9giJOJz9zo3el99aFE875q4fY8cTbE=,mOIaNf8mXWKMT1ODsgfz3yhpFBedgNmcMaskvu55SBc=,[],2.0,0.0,1350000000000,1350300000000,"{'cpus': 0.0091552734375, 'memory': 0.00615692138671875}","{'cpus': 0.0689697265625, 'memory': 0.018829345703125}","{'cpus': 6.866455078125e-05, 'memory': None}",0.0,0.0008535385131835,1.544605016708374,0.0043360977433621,1.0,"[6.19888306e-05 2.01225281e-04 4.22477722e-04 6.75201416e-04
 4.50897217e-03 8.23974609e-03 1.03149414e-02 1.13525391e-02
 1.53198242e-02 2.17895508e-02 5.45654297e-02]","[0.02200317 0.02264404 0.02316284 0.02450562 0.0262146  0.02908325
 0.03033447 0.03271484 0.03656006]",8,LOST,0
40,2491085499338,6,324695453205,3,1,200,0,249,123151656457,"{'cpus': 0.06591796875, 'memory': 0.009765625}",[],6,jsKym0L3FlvkFQzZZHyht9i+Vm6XTsY2YzZj4/sDi9g=,St0VdhwYaGG/Hb+lGvo4e6qMuZIw7V8T88PrsCzE0cw=,G3GisqyQJcQNQE6mas79xnhZsDHcs0fL0vm6WqVw098=,[],2.0,0.0,2429400000000,2429700000000,"{'cpus': 0.01641845703125, 'memory': 0.0017452239990234375}","{'cpus': 0.03289794921875, 'memory': 0.0017452239990234375}","{'cpus': 0.015899658203125, 'memory': None}",0.009765625,0.0005474090576171,,,1.0,"[0.01065063 0.01303101 0.01426697 0.01493835 0.01557922 0.01623535
 0.01693726 0.01754761 0.01858521 0.01980591 0.0249939 ]","[0.01989746 0.02001953 0.02047729 0.0206604  0.02087402 0.02139282
 0.02206421 0.02294922 0.02383423]",8,SCHEDULE,0
41,409734022376,3,379491243491,1,0,103,0,3235,102983741786,"{'cpus': 0.002288818359375, 'memory': 0.004364013671875}",[],3,VhRskANtB0POa8bH7ANXbm44CNdwIsEjtfv+O8OwFEM=,DV0rAim0qIinUuhrqLjdDqDdTQ4dljfb+si3fNTB3Hk=,7v7xx6nhItWe39IUci6O9NkAId6A7l/qPBmLmjCPiRQ=,[],2.0,1.0,454200000000,454500000000,"{'cpus': 0.000667572021484375, 'memory': 0.00225830078125}","{'cpus': 0.0067901611328125, 'memory': 0.002300262451171875}","{'cpus': 0.002025604248046875, 'memory': None}",0.004364013671875,0.0002937316894531,3.1110587120056152,0.0185620952397584,1.0,"[0.00027561 0.00037098 0.00040054 0.00042343 0.00044632 0.00046921
 0.00049877 0.00056458 0.00069904 0.00099564 0.00682831]","[0.00107002 0.00112152 0.00136375 0.00145149 0.00175858 0.00206757
 0.00220108 0.00268555 0.00387573]",1,FINISH,0
42,97005291483,0,221495509609,2,0,360,221495381369,1367,4702654259,"{'cpus': 0.0084381103515625, 'memory': 0.0013027191162109375}",[],0,DrrEIEWkWuW7RrZwpHLCN0k0A2J0usJeyt3wtqzZ7Kk=,Kl7WbluvFFOhK3UA25IoljEUhvkXn3SO+8jkFeRkTtY=,mOIaNf8mXWKMT1ODsgfz3yhpFBedgNmcMaskvu55SBc=,[],2.0,0.0,945782000000,945783000000,"{'cpus': 0.0, 'memory': 9.5367431640625e-07}","{'cpus': 0.0, 'memory': 9.5367431640625e-07}","{'cpus': 0.0, 'memory': None}",0.0,1.1444091796875e-05,,,1.0,"[9.53674316e-07 9.53674316e-07 9.53674316e-07 9.53674316e-07
 9.53674316e-07 9.53674316e-07 9.53674316e-07 9.53674316e-07
 9.53674316e-07 9.53674316e-07 9.53674316e-07]","[9.53674316e-07 9.53674316e-07 9.53674316e-07 9.53674316e-07
 9.53674316e-07 9.53674316e-07 9.53674316e-07 9.53674316e-07
 9.53674316e-07]",7,ENABLE,0
43,0,2,6776392008,3,0,200,5643440312,607,169664968679,"{'cpus': 0.0, 'memory': 0.00597381591796875}",[],2,OoHenAUb6O5c5iDNKp9e3AGkjISuwQ1SHyxMOA96Clg=,x9l8apkT3ZqJMmag44y4ber2cH2D3mMsSO+U8PSHWbM=,KiOKi7pMbzw2GBGrVpZySMfWAw1iXtgQvSRM4z9150s=,[],2.0,0.0,1425600000000,1425900000000,"{'cpus': 0.00595855712890625, 'memory': 0.00373077392578125}","{'cpus': 0.0113067626953125, 'memory': 0.00376129150390625}","{'cpus': 0.00588226318359375, 'memory': None}",0.0,0.0009212493896484,2.9795963764190674,0.0242031756788492,1.0,"[0.0043869  0.00502777 0.00533295 0.00556946 0.00570679 0.00585938
 0.00601196 0.00618744 0.00650787 0.00720215 0.00875854]","[0.0072937  0.00737    0.00745392 0.00753021 0.00772858 0.00784302
 0.00790405 0.00805664 0.00845337]",7,FAIL,1
44,2024567099839,3,128073972032,2,0,25,0,246,174724516173,"{'cpus': 0.002521514892578125, 'memory': 0.000331878662109375}","[{'name': 'GKAYWlOFlntxaxFt+CCHj/Og1BgToNx62SMW9WHlf8g=', 'value': 'Kgq16taSOgd2w4MdPfzHClxQoBcDdY4+DwIKKSewaHM=', 'relation': 1}]",3,+cz+wEXttqDjld+YWLmrgqExjdqiHMZ2WZODThyR9jE=,gJbjbs4KLLIZhTU3En3DHRCIiTA9/0bDdleivHFYqZE=,QATfXKMNh8m+ZhYHDCORSzn7iqvj65tAVYb5LAkgDXY=,[],3.0,0.0,2565900000000,2566200000000,"{'cpus': 0.00141143798828125, 'memory': 0.00028324127197265625}","{'cpus': 0.003871917724609375, 'memory': 0.000301361083984375}","{'cpus': 0.00140380859375, 'memory': None}",0.000441551208496,0.0,1.49482524394989,0.0083450116217136,1.0,"[0.00104332 0.00116158 0.0012188  0.00126457 0.00130844 0.00136375
 0.00140762 0.0014801  0.00157356 0.00174904 0.0038681 ]","[0.0017643  0.00178528 0.00180817 0.00184059 0.00188065 0.00191689
 0.00196075 0.0020256  0.00211334]",3,FINISH,0
45,1765133363218,0,320177399264,2,0,200,0,3163,2458319344,"{'cpus': 0.00688934326171875, 'memory': 0.010894775390625}",[],0,37PCLcw7Pk+5gWx69UDz5rMdS11rIzMiH4tmy3q9KD0=,+C/9cDtH6W2v356nfBJ//m6WemW+nHo4PYc/5LnX3cI=,SMWeTqWUC1cS5n78mMGLIih7UJ4/soj+6aYdgJKfX4g=,[],1.0,0.0,868500000000,868800000000,"{'cpus': 0.0085601806640625, 'memory': 0.0097198486328125}","{'cpus': 0.01953125, 'memory': 0.009857177734375}","{'cpus': 0.0089111328125, 'memory': None}",0.010894775390625,0.0006847381591796,0.8424055576324463,0.0033952759113162,1.0,"[0.00725555 0.00822449 0.00834656 0.00840759 0.00846863 0.00852966
 0.0085907  0.00869751 0.00881958 0.00895691 0.01312256]","[0.00897217 0.00897217 0.00898743 0.00900269 0.00901794 0.00904846
 0.00909424 0.00915527 0.00938416]",1,ENABLE,0
46,1675729190204,0,793077145663,1,0,200,0,10445,83416752368,"{'cpus': 0.0004405975341796875, 'memory': 0.0094757080078125}",[],0,+pEi4UWjK+Z87VFhehFntjxliEHRzmohnK5X1T3UYZU=,qUXSS0Bw4MplmRsUV2s5Yynac4Cx+QnDgPLYvThfxbI=,m7aG8/mdSeD/xVbsVG/mjPvwdQcwrUFV/ItuFXQ8oto=,[],3.0,0.0,951900000000,952200000000,"{'cpus': 0.000156402587890625, 'memory': 0.0087127685546875}","{'cpus': 0.0008792877197265625, 'memory': 0.0087127685546875}","{'cpus': 0.00015163421630859375, 'memory': None}",0.0094757080078125,9.5367431640625e-07,4.643306732177734,0.014274007640779,1.0,"[0.00010777 0.00011539 0.00012398 0.00013161 0.00013924 0.00014782
 0.0001564  0.00016403 0.00017262 0.00020599 0.0008812 ]","[0.00021076 0.00021648 0.00022602 0.00024223 0.0002594  0.00027943
 0.00030136 0.00035286 0.00038528]",4,ENABLE,0
47,0,0,2399970864,3,0,200,2399969941,3011,21392954124,"{'cpus': 0.003520965576171875, 'memory': 0.00409698486328125}",[],0,HPPQSI0kZzeIvGJBaRD/DqDVKFEVdFseri0QSt2QEqM=,bX46tORbo3UZJZlGYLiPLGZw4TXBNYfAajTjFZcUdSk=,hPCrfFCmwYkhnRTAc+FXXJ9+LriSJhGNi137guVN/RU=,[],1.0,0.0,1813500000000,1813800000000,"{'cpus': 0.0005779266357421875, 'memory': 0.0010986328125}","{'cpus': 0.003078460693359375, 'memory': 0.001102447509765625}","{'cpus': 0.0006875991821289062, 'memory': None}",0.0,0.0003385543823242,2.237971782684326,0.0130750555545091,1.0,"[0.00039673 0.00044537 0.00046158 0.00047874 0.00049877 0.00051975
 0.00055122 0.00059128 0.00064373 0.0007515  0.00161552]","[0.00077057 0.00078869 0.00083923 0.00086594 0.00089455 0.00092888
 0.00101662 0.00108147 0.0014534 ]",6,ENABLE,0
48,65479712242,3,315267875644,0,0,0,0,5662,17782220117,"{'cpus': 0.0081024169921875, 'memory': 0.00182342529296875}","[{'name': '5dEuieuWMFy+CNMBBf/uXNX5nP4Kgzeu0O6UizRNK3w=', 'value': '0', 'relation': 3}
 {'name': '9eCGRtl6XN5GQoOYGEjKtupBbtUoOaOPYRFw+pzH7IU=', 'value': '0', 'relation': 1}]",3,ly4HE4d+6E8BqXgm6E1eGNKu8OiiZE+Gj/D4YUMRFDU=,rf9Nha/PURwaTpfZJpgJpLukwXuRATnyZhGjRQ4q/uU=,s+F9V4N4QK+WSX3vh3Ybqc2mFO2R3CWZR+TVzYHY6yQ=,[],1.0,0.0,39900000000,40200000000,"{'cpus': 0.00705718994140625, 'memory': 0.0010433197021484375}","{'cpus': 0.016754150390625, 'memory': 0.001079559326171875}","{'cpus': 0.00035953521728515625, 'memory': None}",0.0019798278808593,9.250640869140624e-05,1.6615785360336304,0.0120510151609778,1.0,"[0.00021172 0.00029087 0.00043011 0.00462341 0.00811768 0.00976562
 0.01025391 0.01052856 0.01078796 0.01109314 0.0118866 ]","[0.01112366 0.01116943 0.01119995 0.01123047 0.01126099 0.01130676
 0.01133728 0.01139832 0.01150513]",6,FINISH,0
49,0,2,71429569,3,1,200,0,263,86269168,"{'cpus': 0.0653076171875, 'memory': 0.03125}",[],2,+iyX5HUcQOQV5mUASrNLoNQJlMbHRmriS33GBzFYzNE=,HoFGWPGqMkKX31lDFKG6dxd3DKNjCVvAvEe6s1nTcDY=,/WQwlp4vsGD9Eao9mziTM+jLzHpTkGgLFHswzyPyirI=,[],1.0,0.0,522900000000,523200000000,"{'cpus': 0.029296875, 'memory': 0.018157958984375}","{'cpus': 0.0892333984375, 'memory': 0.0181884765625}","{'cpus': 0.03125, 'memory': None}",0.04595947265625,0.0002155303955078,,,1.0,"[0.025177   0.02658081 0.02703857 0.02740479 0.027771   0.02825928
 0.02865601 0.02923584 0.02993774 0.03405762 0.04162598]","[0.03631592 0.03674316 0.03710938 0.03753662 0.03808594 0.03869629
 0.03924561 0.03955078 0.03991699]",7,FAIL,1
50,1506548408918,6,358931119334,0,0,103,0,2257,8901900,"{'cpus': 0.0018482208251953125, 'memory': 0.0012454986572265625}",[],6,bIEfKw4txb2bIvwdWUnKf0wrWg3TY2zGk85oI4/bK8k=,vSz+QDcDPqTrYecdNXNiu2zil1xPxG438T2O07FtWf0=,4HqIL2VU8wRPFQBQGtCcPXOgq++k+HIy1zslemTxcak=,[],3.0,1.0,1504505000000,1504800000000,"{'cpus': 0.00109100341796875, 'memory': 0.0009822845458984375}","{'cpus': 0.00438690185546875, 'memory': 0.00098419189453125}","{'cpus': 0.0009717941284179688, 'memory': None}",0.0012702941894531,2.47955322265625e-05,3.5624489784240723,0.0332056209444999,1.0,"[0.00074959 0.00091553 0.00095177 0.00098038 0.00100708 0.00103569
 0.00106812 0.00110245 0.0011673  0.00136375 0.0018692 ]","[0.00142097 0.00146103 0.00149345 0.00152397 0.0015564  0.00159073
 0.00167656 0.00172043 0.00180626]",6,SCHEDULE,0
51,1941329480704,3,236368073537,0,0,0,0,4449,3302786606,"{'cpus': 0.016204833984375, 'memory': 0.002605438232421875}","[{'name': '9eCGRtl6XN5GQoOYGEjKtupBbtUoOaOPYRFw+pzH7IU=', 'value': '0', 'relation': 1}]",3,ly4HE4d+6E8BqXgm6E1eGNKu8OiiZE+Gj/D4YUMRFDU=,Vbp3JT/q7SYMYNT3aBELWtL1K0xb2vcsIZ9/1LDaKLU=,Fe6mIB6KLbneMBPLgQG57IRnfNJDoMS+lal23U8AXAQ=,[],1.0,0.0,2157707000000,2157708000000,"{'cpus': 0.0, 'memory': 8.7738037109375e-05}","{'cpus': 0.0, 'memory': 8.7738037109375e-05}","{'cpus': 0.0, 'memory': None}",0.0026054382324218,1.9073486328125e-06,,,1.0,[],[],5,FINISH,0
52,1825518470135,6,156922393102,3,1,200,0,305,265112831,"{'cpus': 0.17431640625, 'memory': 0.078125}",[],6,2gwh2N93DvxPiKETGJp0PjHwb0QamDl8qQY/oZQnIQ8=,/M9qLV2lcf2/890WwpwhUo/O3rebkseSO4CKng6d4EY=,v5j2/iA1rjf07kWaEodNXYhQtcUebBgC+VcOF+mBnWo=,[],1.0,0.0,1008600000000,1008900000000,"{'cpus': 0.097900390625, 'memory': 0.0738525390625}","{'cpus': 0.30615234375, 'memory': 0.0750732421875}","{'cpus': 0.10107421875, 'memory': None}",0.078125,0.0005884170532226,,,1.0,"[0.06213379 0.07763672 0.08325195 0.08850098 0.09289551 0.09594727
 0.10070801 0.10473633 0.11047363 0.12207031 0.14916992]","[0.12268066 0.12329102 0.12475586 0.12670898 0.12890625 0.13085938
 0.13354492 0.13500977 0.13867188]",4,SCHEDULE,0
53,1996190907590,0,236368116431,0,0,0,0,16131,18828627042,"{'cpus': 0.0081024169921875, 'memory': 0.003612518310546875}","[{'name': '9eCGRtl6XN5GQoOYGEjKtupBbtUoOaOPYRFw+pzH7IU=', 'value': '0', 'relation': 1}]",0,ly4HE4d+6E8BqXgm6E1eGNKu8OiiZE+Gj/D4YUMRFDU=,EVN94d9fIFzR7ApTSdBG8VyV7YEmR+GB2LpjJ7QtWlM=,uXg7PS0QinS0hu2jPMkHebkDJpZMywmqm/pOwvdFE5s=,[],1.0,0.0,2249100000000,2249400000000,"{'cpus': 0.0002002716064453125, 'memory': 0.0006771087646484375}","{'cpus': 0.0008182525634765625, 'memory': 0.00067901611328125}","{'cpus': 0.0004930496215820312, 'memory': None}",0.006683349609375,9.5367431640625e-07,3.4928548336029053,0.0095059815794229,1.0,"[0.00013638 0.00014305 0.00015068 0.00015831 0.00016499 0.00017262
 0.00018597 0.00020313 0.00022125 0.00027275 0.00087166]","[0.00028133 0.00029087 0.00029945 0.00030804 0.00033474 0.00039577
 0.00049305 0.00051975 0.0005722 ]",5,ENABLE,0
54,1647523153423,2,285748468709,0,0,0,0,18934,86252003,"{'cpus': 0.00566864013671875, 'memory': 0.00262451171875}","[{'name': '5dEuieuWMFy+CNMBBf/uXNX5nP4Kgzeu0O6UizRNK3w=', 'value': '0', 'relation': 3}
 {'name': '9eCGRtl6XN5GQoOYGEjKtupBbtUoOaOPYRFw+pzH7IU=', 'value': '0', 'relation': 1}]",2,ly4HE4d+6E8BqXgm6E1eGNKu8OiiZE+Gj/D4YUMRFDU=,e61iukc9Lpk3sIpYCVFGMrDE2p6RyCy0sz/GvTKEP9E=,7dWpfUjEmw2lPfvkRQ2PbmM1QqJ/m4FVlXkrZqFWzXY=,[],1.0,0.0,1612200000000,1612500000000,"{'cpus': 0.00039958953857421875, 'memory': 0.00232696533203125}","{'cpus': 0.00170135498046875, 'memory': 0.002330780029296875}","{'cpus': 0.0006265640258789062, 'memory': None}",0.0027809143066406,0.0,3.5922980308532715,0.0159822180867195,1.0,"[0.0002861  0.00031948 0.00033569 0.00035191 0.0003643  0.0003767
 0.0003891  0.00040722 0.00043583 0.00047874 0.001688  ]","[0.00048256 0.00049591 0.00051212 0.00057316 0.00059891 0.00063133
 0.00068283 0.00074959 0.00082207]",7,FAIL,1
55,0,2,184202283831,2,0,105,0,557,23099328435,"{'cpus': 0.00022029876708984375, 'memory': 0.001331329345703125}",[],2,grVNhXxVRucGoNKBH7EK8LID2PMGcdvabeM5fgDgPsU=,31FBWBxGJbDqTPh6nS/bJAGEZ0WjoBneSLsf8d3CAl0=,M2BQ1jDH7yMnLSdjxinx2gQgmuCqW8HXHcJ0Bq2CUyE=,[],2.0,1.0,1844400000000,1844700000000,"{'cpus': 0.00019168853759765625, 'memory': 0.000438690185546875}","{'cpus': 0.0006628036499023438, 'memory': 0.0004405975341796875}","{'cpus': 0.0001506805419921875, 'memory': None}",0.0008707046508789,7.915496826171875e-05,3.2623093128204346,0.0223048795014619,1.0,"[0.0001297  0.00013924 0.00014591 0.00015259 0.00015926 0.00016689
 0.00017357 0.00019073 0.00021458 0.00030994 0.00049114]","[0.00031853 0.00032616 0.00033474 0.00034237 0.00035    0.00036144
 0.00037289 0.00038433 0.00039959]",6,FAIL,1
56,2451174795181,6,296522493188,0,0,103,0,287,132141062,"{'cpus': 0.048583984375, 'memory': 0.00388336181640625}",[],6,/ivQBmewiFcXfGJdCUsEKx47NiRE29Tjiq3gw+zR2Cg=,c08t7cIwykCvlfOCFol2gVduSdcNu9ULZNA9cbc9T2U=,Q0f5Nh304+175RezYAc1VzzlvGw9ZKZb7JfFWzLBqMQ=,[],2.0,1.0,2290800000000,2291100000000,"{'cpus': 0.00732421875, 'memory': 0.002475738525390625}","{'cpus': 0.026458740234375, 'memory': 0.0025177001953125}","{'cpus': 0.0097503662109375, 'memory': None}",0.0038833618164062,0.0008869171142578,0.9309691786766052,0.002929258858785,1.0,"[0.00048065 0.00094414 0.00271988 0.00588989 0.00849915 0.00880432
 0.00907898 0.00939941 0.00971985 0.01043701 0.02258301]","[0.01049805 0.01057434 0.01066589 0.01081848 0.01092529 0.01107788
 0.0113678  0.01246643 0.01730347]",7,SCHEDULE,0
57,1724490958817,5,757928891474,0,0,103,0,3105,550823712028,"{'cpus': 0.009368896484375, 'memory': 0.002552032470703125}",[],5,fo4BOkoBvrokv806zHeQ8BjHd6EN8Cheh81CIIIMEQI=,H6XX4meyLFiIis2GBlUvNBr7C6Gu7xCy7+KYr5Ef9L8=,6tfauT6kpfsl3M2eszeHZXioipzh2+lxMKmENEbYyTo=,[],3.0,1.0,1720246000000,1720247000000,"{'cpus': 0.0, 'memory': 9.5367431640625e-07}","{'cpus': 0.0, 'memory': 9.5367431640625e-07}","{'cpus': 0.0, 'memory': None}",0.0025520324707031,0.0,,,1.0,[],[],3,LOST,0
58,1763039059873,5,758263544732,0,0,103,0,4870,291049891,"{'cpus': 0.009368896484375, 'memory': 0.002452850341796875}",[],5,fo4BOkoBvrokv806zHeQ8BjHd6EN8Cheh81CIIIMEQI=,H6XX4meyLFiIis2GBlUvNBr7C6Gu7xCy7+KYr5Ef9L8=,6tfauT6kpfsl3M2eszeHZXioipzh2+lxMKmENEbYyTo=,[],3.0,1.0,1762707000000,1762748000000,"{'cpus': 0.008544921875, 'memory': 0.00135040283203125}","{'cpus': 0.016632080078125, 'memory': 0.0019435882568359375}","{'cpus': 0.0018825531005859375, 'memory': None}",0.0024528503417968,0.0005855560302734,,,1.0,"[4.29153442e-05 7.92503357e-04 1.45339966e-03 4.64630127e-03
 6.80541992e-03 8.78906250e-03 1.30157471e-02 1.37329102e-02
 1.47857666e-02 1.53198242e-02 1.66015625e-02]","[0.01535034 0.01538086 0.01539612 0.01542664 0.01545715 0.01557922
 0.01568604 0.01660156 0.01660156]",3,LOST,0
59,1476873048019,0,276563761950,2,0,360,221495376367,1933,21457866160,"{'cpus': 0.018798828125, 'memory': 0.0013027191162109375}",[],0,DrrEIEWkWuW7RrZwpHLCN0k0A2J0usJeyt3wtqzZ7Kk=,vIZE6QMoibKlomowjkK4AZrg1JyPoiy8W/KpoyYOI3o=,mOIaNf8mXWKMT1ODsgfz3yhpFBedgNmcMaskvu55SBc=,[],2.0,0.0,771900000000,772200000000,"{'cpus': 0.014739990234375, 'memory': 0.0082550048828125}","{'cpus': 0.0479736328125, 'memory': 0.0153350830078125}","{'cpus': 0.021759033203125, 'memory': None}",0.0,0.0012779235839843,,,1.0,"[7.05718994e-05 2.05993652e-04 6.51359558e-04 1.04331970e-03
 5.73730469e-03 9.00268555e-03 1.80969238e-02 2.62756348e-02
 3.19824219e-02 3.62548828e-02 5.01708984e-02]","[0.03656006 0.03686523 0.03729248 0.03790283 0.03936768 0.03991699
 0.04229736 0.04333496 0.04394531]",7,ENABLE,0
60,1989192453288,2,236368116431,0,0,0,0,32584,96941160923,"{'cpus': 0.0081024169921875, 'memory': 0.003612518310546875}","[{'name': '9eCGRtl6XN5GQoOYGEjKtupBbtUoOaOPYRFw+pzH7IU=', 'value': '0', 'relation': 1}]",2,ly4HE4d+6E8BqXgm6E1eGNKu8OiiZE+Gj/D4YUMRFDU=,EVN94d9fIFzR7ApTSdBG8VyV7YEmR+GB2LpjJ7QtWlM=,uXg7PS0QinS0hu2jPMkHebkDJpZMywmqm/pOwvdFE5s=,[],1.0,0.0,2103600000000,2103900000000,"{'cpus': 0.00015163421630859375, 'memory': 0.0006961822509765625}","{'cpus': 0.000965118408203125, 'memory': 0.000698089599609375}","{'cpus': 0.00016021728515625, 'memory': None}",0.006683349609375,1.1444091796875e-05,4.202824115753174,0.0149781927466392,1.0,"[0.00010586 0.00011063 0.00011539 0.00012112 0.00012589 0.00013161
 0.00014687 0.00016403 0.00018311 0.00020885 0.00096607]","[0.00021172 0.00021458 0.00021648 0.00021935 0.0002346  0.00025654
 0.00027847 0.00030041 0.00032997]",5,FAIL,1
61,1799160416964,2,116646838687,1,0,200,0,17,144746740315,"{'cpus': 0.00113677978515625, 'memory': 0.00650787353515625}",[],2,zmpRXVnbga1UZsXYDI1kovjFavrvXMEXoCac0B3oSE4=,qKgaTdS7qX1AXkM4j1iU5QW3jOiet4pcDU0ZUgPYK+c=,073MP4GwcDLt9pohYTMXAdH/L62t8+BOYI4h69cbrQM=,[],2.0,0.0,361200000000,361217000000,"{'cpus': 0.0019683837890625, 'memory': 0.0006999969482421875}","{'cpus': 0.00555419921875, 'memory': 0.000759124755859375}","{'cpus': 9.441375732421875e-05, 'memory': None}",0.006500244140625,0.0003204345703125,,,1.0,"[3.62396240e-05 5.53131104e-05 8.20159912e-05 1.02996826e-04
 1.23023987e-04 2.20298767e-04 6.95228577e-04 3.94439697e-03
 4.69970703e-03 5.24902344e-03 5.53894043e-03]","[0.00525665 0.00526428 0.00527191 0.00527954 0.00553894 0.00553894
 0.00553894 0.00553894 0.00553894]",3,FAIL,1
62,142814178605,6,156922393102,3,1,200,0,118,263759393,"{'cpus': 0.17431640625, 'memory': 0.078125}",[],6,2gwh2N93DvxPiKETGJp0PjHwb0QamDl8qQY/oZQnIQ8=,/M9qLV2lcf2/890WwpwhUo/O3rebkseSO4CKng6d4EY=,v5j2/iA1rjf07kWaEodNXYhQtcUebBgC+VcOF+mBnWo=,[],1.0,0.0,1008600000000,1008900000000,"{'cpus': 0.097900390625, 'memory': 0.0738525390625}","{'cpus': 0.30615234375, 'memory': 0.0750732421875}","{'cpus': 0.10107421875, 'memory': None}",0.078125,0.0005884170532226,,,1.0,"[0.06213379 0.07763672 0.08325195 0.08850098 0.09289551 0.09594727
 0.10070801 0.10473633 0.11047363 0.12207031 0.14916992]","[0.12268066 0.12329102 0.12475586 0.12670898 0.12890625 0.13085938
 0.13354492 0.13500977 0.13867188]",4,SCHEDULE,0
63,1645765625508,2,494989765009,2,0,103,0,1214,43739203620,"{'cpus': 0.01214599609375, 'memory': 0.014129638671875}",[],2,jMPyy1J+llk+8TriTcy00915YMXBigMxFuIP9DfF+OQ=,h8vl1xM56R0c11sS9misbLTYYWQKJmcpW78lzNGsmuY=,J5xKejC5gWf5EZf+IG/xYzHB/N8Pfaq5wByi0syR4lk=,[],2.0,1.0,1503600000000,1503900000000,"{'cpus': 0.000396728515625, 'memory': 0.00356292724609375}","{'cpus': 0.001308441162109375, 'memory': 0.00365447998046875}","{'cpus': 0.0004520416259765625, 'memory': None}",0.016265869140625,0.0003004074096679,2.369224786758423,0.0114555973559618,1.0,"[0.000247   0.00031281 0.00033092 0.00035    0.00036621 0.00038147
 0.00039673 0.00041485 0.00043297 0.00046825 0.00127602]","[0.00047302 0.00047779 0.00048256 0.00057316 0.00061703 0.00063896
 0.0006609  0.00069332 0.00083637]",2,FAIL,1
64,1459123766722,6,755686677250,0,0,105,0,6763,84842847563,"{'cpus': 0.00662994384765625, 'memory': 0.00368499755859375}",[],6,fyVrWxhkLIMjl2J3LD3cpOWRuMUdb9sqYAI1OSXrPX0=,WFDT2cA4Z2GGeRBluqNbpAEp9fFYRZWWryfAbA6iGY8=,XEEbVRdt29HOHVFyVxuJXKjH14AJpv2bK56r7DrIL8Q=,[],2.0,1.0,1447200000000,1447500000000,"{'cpus': 0.00020599365234375, 'memory': 0.0015354156494140625}","{'cpus': 0.001384735107421875, 'memory': 0.001605987548828125}","{'cpus': 0.00016689300537109375, 'memory': None}",0.0032501220703125,0.000258445739746,3.973978996276856,0.0164353270083665,1.0,"[0.00013924 0.00014782 0.0001564  0.00016499 0.00017357 0.00018311
 0.0001936  0.00020409 0.00021362 0.000247   0.00138474]","[0.00025272 0.0002594  0.00026989 0.0002861  0.00030231 0.0003233
 0.00034523 0.00039577 0.0011673 ]",3,SCHEDULE,0
65,1583404183953,0,122697038507,1,0,200,0,5012,46521283874,"{'cpus': 0.013214111328125, 'memory': 0.00521087646484375}","[{'name': '9eCGRtl6XN5GQoOYGEjKtupBbtUoOaOPYRFw+pzH7IU=', 'value': '0', 'relation': 1}]",0,KHEpPMaNZHNl9fXDbuQPFMMMwimKipTijlFHG3nd074=,Eyl1VA9RlMpW8Z7Zz2v0x0sxb8GmaG2xRiNbCkoCM7I=,T3747hvgZQPr5WA2mbr/J9BA+G9FarQJp+4OKBCB684=,[],1.0,0.0,1944000000000,1944300000000,"{'cpus': 0.0040130615234375, 'memory': 0.003032684326171875}","{'cpus': 0.0250244140625, 'memory': 0.00347137451171875}","{'cpus': 0.0097808837890625, 'memory': None}",0.0052108764648437,0.0001544952392578,1.4977911710739136,0.0045095421373844,1.0,"[0.0002861  0.00031853 0.00033569 0.00035667 0.00041294 0.00081444
 0.00461578 0.00701141 0.00767517 0.00975037 0.02493286]","[0.01014709 0.01045227 0.01268005 0.01290894 0.01347351 0.01377869
 0.01431274 0.01831055 0.02294922]",4,ENABLE,0
66,788656970207,2,282155526518,1,0,117,0,7014,3194173854,"{'cpus': 0.00566864013671875, 'memory': 0.0015621185302734375}","[{'name': '5dEuieuWMFy+CNMBBf/uXNX5nP4Kgzeu0O6UizRNK3w=', 'value': '0', 'relation': 3}
 {'name': '9eCGRtl6XN5GQoOYGEjKtupBbtUoOaOPYRFw+pzH7IU=', 'value': '0', 'relation': 1}]",2,jW2GJpOlCheoSzGcwfmRjkjV6mYZo4DC43ej/X/OyjM=,a9ZiwkNxR1sXEPg+jt/XoCIXafzxvh8IB1/abye6+v0=,Q+ko0Cb6Sy8WkHKRTMcgJQz2RhdSkBtrNnARybcK4k8=,[],1.0,0.0,904411000000,904500000000,"{'cpus': 0.0003604888916015625, 'memory': 0.0010833740234375}","{'cpus': 0.00490570068359375, 'memory': 0.0011844635009765625}","{'cpus': 0.000186920166015625, 'memory': None}",0.0015621185302734,0.000472068786621,,,1.0,"[9.15527344e-05 1.14440918e-04 1.35421753e-04 1.45912170e-04
 1.56402588e-04 1.67846680e-04 1.81198120e-04 2.03132629e-04
 2.47001648e-04 7.97271729e-04 5.51605225e-03]","[0.00081635 0.00083542 0.00103188 0.00105095 0.00112724 0.001297
 0.0019989  0.00486755 0.00551605]",7,FAIL,1
67,621242754677,5,358146539252,2,0,360,330587152966,1084,198556190123,"{'cpus': 0.011474609375, 'memory': 0.0013027191162109375}",[],5,DrrEIEWkWuW7RrZwpHLCN0k0A2J0usJeyt3wtqzZ7Kk=,ir4ewLnJ2zsfB14RCYD/70NQKmdGPHhwRRo+2IXRSto=,wcRcAMuop2OqH9EW4feH919tadFec5a11ply0hcS/C8=,[],2.0,0.0,1038900000000,1039200000000,"{'cpus': 0.011260986328125, 'memory': 0.00560760498046875}","{'cpus': 0.05352783203125, 'memory': 0.009307861328125}","{'cpus': 0.027557373046875, 'memory': None}",0.0,0.0017318725585937,1.316449761390686,0.0123343123123049,1.0,"[7.43865967e-05 6.42776489e-04 1.07002258e-03 2.13241577e-03
 8.27026367e-03 9.61303711e-03 1.23291016e-02 1.56860352e-02
 2.23693848e-02 2.53601074e-02 3.71093750e-02]","[0.02572632 0.02627563 0.02722168 0.027771   0.02947998 0.02984619
 0.03033447 0.03173828 0.03692627]",1,LOST,0
68,2044564882018,5,221495446263,2,0,360,221495328284,1087,3704985080,"{'cpus': 0.021759033203125, 'memory': 0.0013027191162109375}",[],5,DrrEIEWkWuW7RrZwpHLCN0k0A2J0usJeyt3wtqzZ7Kk=,S7lCumi5SjHHjJNSL8fM57618KafzEwvbVBUHf7zNus=,mOIaNf8mXWKMT1ODsgfz3yhpFBedgNmcMaskvu55SBc=,[],2.0,0.0,916500000000,916757000000,"{'cpus': 0.0218505859375, 'memory': 0.012481689453125}","{'cpus': 0.0848388671875, 'memory': 0.02093505859375}","{'cpus': 0.010772705078125, 'memory': None}",0.0,0.0023918151855468,0.9404376149177552,0.0017687234794721,1.0,"[5.72204590e-05 2.88963318e-04 1.77001953e-03 1.06201172e-02
 1.13525391e-02 1.25122070e-02 2.34680176e-02 3.16772461e-02
 4.38232422e-02 5.16357422e-02 6.66503906e-02]","[0.05206299 0.0526123  0.05328369 0.05383301 0.05438232 0.05554199
 0.05609131 0.0569458  0.05841064]",7,LOST,0
69,753695484479,3,796037227562,0,0,0,0,3526,265112825,"{'cpus': 0.00566864013671875, 'memory': 0.00262451171875}","[{'name': '5dEuieuWMFy+CNMBBf/uXNX5nP4Kgzeu0O6UizRNK3w=', 'value': '0', 'relation': 3}
 {'name': '9eCGRtl6XN5GQoOYGEjKtupBbtUoOaOPYRFw+pzH7IU=', 'value': '0', 'relation': 1}]",3,ly4HE4d+6E8BqXgm6E1eGNKu8OiiZE+Gj/D4YUMRFDU=,CNFGnjDyQWE8cgdeBVMIpVRstN5mjdFrkhPo739gLzg=,uHCXraDjnbKTvQ3lFoEkkhzOhtNX7OYmiYFAmeNEDGo=,[],1.0,0.0,840898000000,840900000000,"{'cpus': 0.0, 'memory': 0.0}","{'cpus': 0.0, 'memory': 0.0}","{'cpus': 0.0, 'memory': None}",0.0,0.0,,,1.0,[],[],4,FINISH,0
70,1931126668014,3,96110849886,1,0,200,96110842409,5225,273627666428,"{'cpus': 0.0, 'memory': 0.00016498565673828125}",[],3,BCpGXicQzhtC7Asv5jFu0UY0WKFNRLd1QwGfNqgReUY=,l97ZkIOy8h1ImKf+cRF741zxRhj5e6WlcoQ1rqYlPcQ=,yhk7ANf50RJac56kMU0pzA9wJ2YZUE7TH3RX7NcRiE4=,[],1.0,0.0,2537100000000,2537400000000,"{'cpus': 0.00013065338134765625, 'memory': 0.00014972686767578125}","{'cpus': 0.00061798095703125, 'memory': 0.000152587890625}","{'cpus': 0.00012111663818359375, 'memory': None}",0.0,1.811981201171875e-05,2.2549495697021484,0.0074991527944803,1.0,"[8.86917114e-05 9.44137573e-05 9.91821289e-05 1.04904175e-04
 1.10626221e-04 1.16348267e-04 1.21116638e-04 1.26838684e-04
 1.37329102e-04 2.23159790e-04 6.16073608e-04]","[0.00022888 0.0002346  0.00023937 0.00024509 0.00025082 0.00025654
 0.00026226 0.00028706 0.00057316]",6,FINISH,0
71,639158665975,0,116646838687,1,0,200,0,17,136349926282,"{'cpus': 0.00113677978515625, 'memory': 0.00650787353515625}",[],0,zmpRXVnbga1UZsXYDI1kovjFavrvXMEXoCac0B3oSE4=,qKgaTdS7qX1AXkM4j1iU5QW3jOiet4pcDU0ZUgPYK+c=,073MP4GwcDLt9pohYTMXAdH/L62t8+BOYI4h69cbrQM=,[],2.0,0.0,2288922000000,2288923000000,"{'cpus': 0.0, 'memory': 9.5367431640625e-07}","{'cpus': 0.0, 'memory': 9.5367431640625e-07}","{'cpus': 0.0, 'memory': None}",0.006500244140625,0.0,,,1.0,"[0.00081921 0.00081921 0.00081921 0.00081921 0.00081921 0.00081921
 0.00081921 0.00081921 0.00081921 0.00081921 0.00081921]","[0.00081921 0.00081921 0.00081921 0.00081921 0.00081921 0.00081921
 0.00081921 0.00081921 0.00081921]",3,ENABLE,0
72,1454577825391,6,755686677250,0,0,105,0,2823,749218091858,"{'cpus': 0.00662994384765625, 'memory': 0.00368499755859375}",[],6,fyVrWxhkLIMjl2J3LD3cpOWRuMUdb9sqYAI1OSXrPX0=,WFDT2cA4Z2GGeRBluqNbpAEp9fFYRZWWryfAbA6iGY8=,XEEbVRdt29HOHVFyVxuJXKjH14AJpv2bK56r7DrIL8Q=,[],2.0,1.0,1447200000000,1447500000000,"{'cpus': 0.00020599365234375, 'memory': 0.0015354156494140625}","{'cpus': 0.001384735107421875, 'memory': 0.001605987548828125}","{'cpus': 0.00016689300537109375, 'memory': None}",0.0032501220703125,0.000258445739746,3.973978996276856,0.0164353270083665,1.0,"[0.00013924 0.00014782 0.0001564  0.00016499 0.00017357 0.00018311
 0.0001936  0.00020409 0.00021362 0.000247   0.00138474]","[0.00025272 0.0002594  0.00026989 0.0002861  0.00030231 0.0003233
 0.00034523 0.00039577 0.0011673 ]",3,SCHEDULE,0
73,1454574816870,6,755686677250,0,0,105,0,7788,96120376,"{'cpus': 0.00662994384765625, 'memory': 0.00368499755859375}",[],6,fyVrWxhkLIMjl2J3LD3cpOWRuMUdb9sqYAI1OSXrPX0=,WFDT2cA4Z2GGeRBluqNbpAEp9fFYRZWWryfAbA6iGY8=,XEEbVRdt29HOHVFyVxuJXKjH14AJpv2bK56r7DrIL8Q=,[],2.0,1.0,1447200000000,1447500000000,"{'cpus': 0.00020599365234375, 'memory': 0.0015354156494140625}","{'cpus': 0.001384735107421875, 'memory': 0.001605987548828125}","{'cpus': 0.00016689300537109375, 'memory': None}",0.0032501220703125,0.000258445739746,3.973978996276856,0.0164353270083665,1.0,"[0.00013924 0.00014782 0.0001564  0.00016499 0.00017357 0.00018311
 0.0001936  0.00020409 0.00021362 0.000247   0.00138474]","[0.00025272 0.0002594  0.00026989 0.0002861  0.00030231 0.0003233
 0.00034523 0.00039577 0.0011673 ]",3,SCHEDULE,0
74,0,2,147074738457,2,0,200,0,2186,188682589260,"{'cpus': 0.0019378662109375, 'memory': 0.0002880096435546875}","[{'name': 'GKAYWlOFlntxaxFt+CCHj/Og1BgToNx62SMW9WHlf8g=', 'value': 'Kgq16taSOgd2w4MdPfzHClxQoBcDdY4+DwIKKSewaHM=', 'relation': 1}]",2,+cz+wEXttqDjld+YWLmrgqExjdqiHMZ2WZODThyR9jE=,C0KOeK1bkWhMz54flKaPZos40KaruJvFRSuiXJ4uCBc=,39auzvi8yQXmPPLVXffyCQ/8IZPud6hv1Mmq0H2cwIs=,[],3.0,0.0,2451300000000,2451600000000,"{'cpus': 0.0003814697265625, 'memory': 0.0001678466796875}","{'cpus': 0.0017032623291015625, 'memory': 0.00018215179443359375}","{'cpus': 0.000492095947265625, 'memory': None}",0.0003061294555664,0.0,2.0255513191223145,0.0059041511267423,1.0,"[9.15527344e-05 2.23159790e-04 2.48908997e-04 2.72750854e-04
 2.93731689e-04 3.23295593e-04 3.69071960e-04 4.23431396e-04
 4.97817993e-04 5.76972961e-04 1.70326233e-03]","[0.00059032 0.00060272 0.00061607 0.00063515 0.00065422 0.00068951
 0.00074863 0.00125504 0.00131989]",3,FAIL,1
75,0,2,374675984600,1,0,105,0,242,4451070218,"{'cpus': 0.008453369140625, 'memory': 0.00650787353515625}",[],2,PeO35q9IyQTQ1gF6bKU/0vNAy2f5Z16I/5Dmk5Uo8oY=,ZTYfjQjExFKgJHMbLRgVH25JtmlEeX/VF3WyeTrwMck=,EeR1/mOLfUwmAJ0c+0ptJjkcUwlAOc8Acc3huiRpqO0=,[],2.0,1.0,414300000000,414600000000,"{'cpus': 0.002040863037109375, 'memory': 0.00423431396484375}","{'cpus': 0.06036376953125, 'memory': 0.00572967529296875}","{'cpus': 0.00823974609375, 'memory': None}",0.0057296752929687,0.0002670288085937,1.412593126296997,0.0106810266152024,0.9833333492279052,"[0.00020313 0.00021648 0.00022697 0.00023746 0.00024796 0.00025749
 0.0002718  0.00029564 0.00039101 0.00909424 0.0153656 ]","[0.00921631 0.00933838 0.00942993 0.00950623 0.00961304 0.00973511
 0.00985718 0.01052856 0.01455688]",1,FAIL,1
76,1358903492344,0,93247928673,3,0,200,0,2402,205191486508,"{'cpus': 0.03521728515625, 'memory': 0.0106201171875}",[],0,lPCtyoJbLGjfBLJ2r1mPsrLdHdQxiOGtFLejTKJHlGQ=,rtRWdsL4PXI8cZEok5ADWWbep4cdOWgxjIcPjOWTcUg=,W3VqV8ImApgnX/pAXg6uPtlXzW0ve0JJqDESeiRxQlM=,[],1.0,0.0,994500000000,994800000000,"{'cpus': 0.025421142578125, 'memory': 0.0078277587890625}","{'cpus': 0.0826416015625, 'memory': 0.008544921875}","{'cpus': 0.02349853515625, 'memory': None}",0.0106201171875,4.76837158203125e-06,0.5822352170944214,0.0020916981156915,1.0,"[0.00086498 0.00880432 0.01365662 0.0178833  0.02084351 0.02566528
 0.02880859 0.03106689 0.03674316 0.04400635 0.05908203]","[0.04492188 0.04589844 0.04656982 0.04724121 0.04876709 0.04986572
 0.05163574 0.05334473 0.05615234]",6,ENABLE,0
77,2001717236481,6,497733596373,0,1,116,0,913,231364893290,"{'cpus': 0.01873779296875, 'memory': 0.025665283203125}",[],6,p8OV+3HkL8g1uZ11dkCrMGCfAcRJerNDEbjByNP8mcY=,jxwJ4oK874J2JaXTVINL63IjnWoUi5TLA29JJWbn7r0=,V+FRfNyFD3eadfTlf+UiNZguSyMzhMrWUGzOhOmMj+U=,[],2.0,1.0,1987500000000,1987726000000,"{'cpus': 0.0143280029296875, 'memory': 0.002777099609375}","{'cpus': 0.066162109375, 'memory': 0.00278472900390625}","{'cpus': 0.0135040283203125, 'memory': None}",0.027862548828125,0.000554084777832,,,0.982300877571106,[0. 0. 0. 0. 0. 0. 0. 0. 0. 0. 0.],[0. 0. 0. 0. 0. 0. 0. 0. 0.],2,SCHEDULE,0
78,2044711439276,0,324708383074,0,0,0,0,13631,6662418705,"{'cpus': 0.00566864013671875, 'memory': 0.00262451171875}","[{'name': '5dEuieuWMFy+CNMBBf/uXNX5nP4Kgzeu0O6UizRNK3w=', 'value': '0', 'relation': 3}
 {'name': '9eCGRtl6XN5GQoOYGEjKtupBbtUoOaOPYRFw+pzH7IU=', 'value': '0', 'relation': 1}]",0,ly4HE4d+6E8BqXgm6E1eGNKu8OiiZE+Gj/D4YUMRFDU=,meGcaQMJfU+vY3OL9LTTX3J7o+PalhMnm9fGfqRgqvw=,7dWpfUjEmw2lPfvkRQ2PbmM1QqJ/m4FVlXkrZqFWzXY=,[],1.0,0.0,2107200000000,2107500000000,"{'cpus': 0.0064544677734375, 'memory': 0.0023956298828125}","{'cpus': 0.0152130126953125, 'memory': 0.00275421142578125}","{'cpus': 0.00531768798828125, 'memory': None}",0.0029373168945312,1.9073486328125e-06,0.9807948470115662,0.0052536348812282,0.996666669845581,"[0.0022316  0.00473785 0.00527191 0.00567627 0.00602722 0.00631714
 0.00660706 0.00695038 0.00740814 0.00840759 0.01296997]","[0.00854492 0.00904846 0.00930786 0.00946045 0.00956726 0.00968933
 0.01080322 0.01138306 0.01202393]",8,ENABLE,0
79,0,2,18214865480,3,0,199,18214828183,2509,45462204363,"{'cpus': 0.0, 'memory': 0.04339599609375}",[],2,CwGnjPqF6z6mEbr5zJVXafRsbETt6gvdwvOX2l+GpsI=,R+IyAivR9398hZgnjWjl/ynMfnPBt7WN8mgX4U2e4kM=,vBFpbsoyGV+ibDUKMxA79HkOza8kIpuuJFHYyUzPDgs=,[],1.0,0.0,2093700000000,2094000000000,"{'cpus': 0.0325927734375, 'memory': 0.0404052734375}","{'cpus': 0.15185546875, 'memory': 0.04095458984375}","{'cpus': 0.03533935546875, 'memory': None}",0.0,0.0002317428588867,,,0.993333339691162,"[0.0161438  0.02178955 0.02444458 0.02639771 0.02816772 0.0302124
 0.03149414 0.03485107 0.03900146 0.04748535 0.07739258]","[0.04925537 0.05303955 0.05615234 0.05889893 0.05975342 0.06188965
 0.06616211 0.06945801 0.07092285]",2,FAIL,1
80,137640007395,6,454520770906,0,1,116,0,931,182481396565,"{'cpus': 0.01629638671875, 'memory': 0.00373077392578125}",[],6,p8OV+3HkL8g1uZ11dkCrMGCfAcRJerNDEbjByNP8mcY=,NcT13d7u6Tqsoalsolc+atqUXzKaIvVxt3iaeH2mfiM=,hIeqVvuzPwTMECrlkuOctN3nGqgux7njzTb6U+Sgp5c=,[],2.0,1.0,120300000000,120600000000,"{'cpus': 0.000518798828125, 'memory': 0.0026702880859375}","{'cpus': 0.0023345947265625, 'memory': 0.0026702880859375}","{'cpus': 0.000492095947265625, 'memory': None}",0.0050125122070312,0.0005407333374023,,,1.0,[0. 0. 0. 0. 0. 0. 0. 0. 0. 0. 0.],[0. 0. 0. 0. 0. 0. 0. 0. 0.],2,SCHEDULE,0
81,1911964985696,3,21299367638,1,0,119,0,599,14107941,"{'cpus': 0.0528564453125, 'memory': 0.00848388671875}",[],3,8qRmTJas/6XEBaA0l4Wt1+/qSLgc6p7u7JzoMSuT/M8=,1DO3jDz/DuDOwl3QEV7CroiyNmhiMUgp1QKsAJVy3EE=,7J86abwGzd8YCATmMLG6StG4z18ZcHI1bWj0OSnpaYo=,[],2.0,0.0,2678400000000,2678700000000,"{'cpus': 0.037109375, 'memory': 0.001163482666015625}","{'cpus': 0.06195068359375, 'memory': 0.0016193389892578125}","{'cpus': 0.0355224609375, 'memory': None}",0.0050201416015625,6.389617919921875e-05,0.9118808507919312,0.0008780285716056,1.0,"[0.00846863 0.02548218 0.03009033 0.03167725 0.03582764 0.03771973
 0.03936768 0.04211426 0.04388428 0.04840088 0.06182861]","[0.04907227 0.04956055 0.04998779 0.05078125 0.05224609 0.05303955
 0.05395508 0.05535889 0.05932617]",7,FINISH,0
82,1494126142209,6,384929736739,0,0,105,0,1609,1375897895,"{'cpus': 0.003696441650390625, 'memory': 0.00650787353515625}",[],6,w6tY738j09p+nPRrYXAINcn3et3JZ/SeGH9SkWhGCrY=,4eBE24FItQxWs1AFtq9kbOOZ5wS1J9JjzRP88IF2kpI=,eD2qyc911BpRKDut21BuARcetOpnUDAowWZ+ECWMNPA=,[],2.0,1.0,1493984000000,1494000000000,"{'cpus': 0.01068115234375, 'memory': 0.0017414093017578125}","{'cpus': 0.01983642578125, 'memory': 0.002307891845703125}","{'cpus': 0.00396728515625, 'memory': None}",0.0065078735351562,3.4332275390625e-05,,,1.0,"[1.90734863e-05 6.69479370e-04 3.36456299e-03 5.59997559e-03
 6.70623779e-03 8.65173340e-03 9.76562500e-03 1.12304688e-02
 1.42974854e-02 1.89514160e-02 1.98669434e-02]","[0.01937866 0.01947021 0.01953125 0.0196228  0.01968384 0.01986694
 0.01986694 0.01986694 0.01986694]",1,SCHEDULE,0
83,1072187311039,5,348547152567,2,0,360,271641564264,197,210002304376,"{'cpus': 0.020172119140625, 'memory': 0.0013027191162109375}",[],5,DrrEIEWkWuW7RrZwpHLCN0k0A2J0usJeyt3wtqzZ7Kk=,d62biW/uJqfFDumZ7OJ/lxr9JOmfQXDacErszzg0sjs=,mOIaNf8mXWKMT1ODsgfz3yhpFBedgNmcMaskvu55SBc=,[],2.0,0.0,1078200000000,1078500000000,"{'cpus': 0.0338134765625, 'memory': 0.0186767578125}","{'cpus': 0.1065673828125, 'memory': 0.019287109375}","{'cpus': 0.04022216796875, 'memory': None}",0.0,0.001230239868164,0.8754590153694153,0.0081584025174379,1.0,"[0.00753021 0.02182007 0.02661133 0.02938843 0.0324707  0.03497314
 0.03771973 0.0402832  0.0423584  0.04418945 0.04931641]","[0.04437256 0.04455566 0.0447998  0.04510498 0.04534912 0.0456543
 0.04608154 0.04656982 0.04748535]",6,LOST,0
84,723622816016,1,346556401280,1,0,103,0,11661,78094657005,"{'cpus': 0.04119873046875, 'memory': 0.0104217529296875}",[],1,N4z3CQhsZb0Z/6KYX+6Y6CyETgv5iobfcL+/h+RZeA4=,9CN0XhKlXssUPaH7dh0fXYJ2pKJQBkhWP4VNkHaxYAU=,razr6Q7g2n+P+ozt+AY4VoddAyNIunXkvdiD2gnSFC0=,[],2.0,1.0,708228000000,708231000000,"{'cpus': 0.001049041748046875, 'memory': 6.580352783203125e-05}","{'cpus': 0.013275146484375, 'memory': 6.961822509765625e-05}","{'cpus': 0.0047454833984375, 'memory': None}",0.0104217529296875,2.86102294921875e-06,0.9983146786689758,0.0028721294365823,1.0,"[0.00000000e+00 0.00000000e+00 0.00000000e+00 0.00000000e+00
 8.58306885e-06 2.19345093e-05 3.52859497e-05 1.90162659e-03
 1.90162659e-03 1.90162659e-03 1.90162659e-03]","[0.00190163 0.00190163 0.00190163 0.00190163 0.00190163 0.00190163
 0.00190163 0.00190163 0.00190163]",6,EVICT,0
85,1048740234408,5,276842727140,2,0,360,271641579270,63,78094835756,"{'cpus': 0.020294189453125, 'memory': 0.0013027191162109375}",[],5,DrrEIEWkWuW7RrZwpHLCN0k0A2J0usJeyt3wtqzZ7Kk=,Kl7WbluvFFOhK3UA25IoljEUhvkXn3SO+8jkFeRkTtY=,mOIaNf8mXWKMT1ODsgfz3yhpFBedgNmcMaskvu55SBc=,[],2.0,0.0,629100000000,629131000000,"{'cpus': 0.0001087188720703125, 'memory': 0.000591278076171875}","{'cpus': 0.000217437744140625, 'memory': 0.0005922317504882812}","{'cpus': 8.20159912109375e-05, 'memory': None}",0.0,0.0002975463867187,,,1.0,"[7.05718994e-05 7.34329224e-05 7.82012939e-05 8.29696655e-05
 8.67843628e-05 9.82284546e-05 1.10626221e-04 1.23023987e-04
 1.37329102e-04 1.60217285e-04 1.74522400e-04]","[0.00016212 0.00016403 0.00016594 0.0001688  0.00017071 0.00017262
 0.00017452 0.00017452 0.00017452]",6,LOST,0
86,1434965811581,2,798929580910,2,0,360,698302744488,2440,3647842128,"{'cpus': 0.0113677978515625, 'memory': 0.0013027191162109375}",[],2,DrrEIEWkWuW7RrZwpHLCN0k0A2J0usJeyt3wtqzZ7Kk=,/ccRH2ZsbQ1n/SVrs5Yn/G5EAJRLKUgfXWXiW4g36Ls=,mOIaNf8mXWKMT1ODsgfz3yhpFBedgNmcMaskvu55SBc=,[],2.0,0.0,1247700000000,1248000000000,"{'cpus': 0.0121307373046875, 'memory': 0.0053558349609375}","{'cpus': 0.03741455078125, 'memory': 0.006103515625}","{'cpus': 0.01153564453125, 'memory': None}",0.0,0.0006942749023437,3.103463888168335,0.0233115274459123,1.0,"[0.00042915 0.01119995 0.01150513 0.01165771 0.01177979 0.01191711
 0.01205444 0.01220703 0.01239014 0.01324463 0.03729248]","[0.01376343 0.01443481 0.015625   0.01672363 0.01721191 0.01797485
 0.01867676 0.01904297 0.03109741]",4,FAIL,1
87,2652171468015,2,328029965942,0,0,0,0,3514,8502684169,"{'cpus': 0.00566864013671875, 'memory': 0.00262451171875}","[{'name': '5dEuieuWMFy+CNMBBf/uXNX5nP4Kgzeu0O6UizRNK3w=', 'value': '0', 'relation': 3}
 {'name': '9eCGRtl6XN5GQoOYGEjKtupBbtUoOaOPYRFw+pzH7IU=', 'value': '0', 'relation': 1}]",2,ly4HE4d+6E8BqXgm6E1eGNKu8OiiZE+Gj/D4YUMRFDU=,fKKGMrLf9zCMtAm11xyt4pf/XpVhDURU8u9zJQb7PDs=,7dWpfUjEmw2lPfvkRQ2PbmM1QqJ/m4FVlXkrZqFWzXY=,[],1.0,0.0,2603400000000,2603700000000,"{'cpus': 0.009063720703125, 'memory': 0.002105712890625}","{'cpus': 0.02545166015625, 'memory': 0.002277374267578125}","{'cpus': 0.012939453125, 'memory': None}",0.0030937194824218,2.86102294921875e-05,0.7230272889137268,0.0028853011317551,1.0,"[0.0040741  0.00787354 0.00845337 0.00868225 0.00886536 0.00900269
 0.00909424 0.00917053 0.00927734 0.00956726 0.01528931]","[0.00965881 0.00991821 0.01036072 0.01115417 0.01248169 0.01301575
 0.0136261  0.01426697 0.0151062 ]",8,FAIL,1
88,0,0,261321454525,0,0,0,0,11305,6260337896,"{'cpus': 0.00566864013671875, 'memory': 0.00262451171875}","[{'name': '5dEuieuWMFy+CNMBBf/uXNX5nP4Kgzeu0O6UizRNK3w=', 'value': '0', 'relation': 3}
 {'name': '9eCGRtl6XN5GQoOYGEjKtupBbtUoOaOPYRFw+pzH7IU=', 'value': '0', 'relation': 1}]",0,ly4HE4d+6E8BqXgm6E1eGNKu8OiiZE+Gj/D4YUMRFDU=,h6osjjHIMpr543HMmDYMy10wiLZIvxMLNEDHe07Wix4=,uXg7PS0QinS0hu2jPMkHebkDJpZMywmqm/pOwvdFE5s=,[],1.0,0.0,342000000000,342300000000,"{'cpus': 0.000209808349609375, 'memory': 0.000698089599609375}","{'cpus': 0.001132965087890625, 'memory': 0.0006999969482421875}","{'cpus': 0.00018405914306640625, 'memory': None}",0.0036125183105468,0.0001230239868164,4.470236778259277,0.0151832122355699,1.0,"[0.00013351 0.00014114 0.00014877 0.00015736 0.00016594 0.00017357
 0.00018883 0.0002079  0.0002346  0.00031948 0.00108528]","[0.00032997 0.00034142 0.00035191 0.00037098 0.00039005 0.0004406
 0.00048447 0.0005579  0.00061607]",7,ENABLE,0
89,1478299651921,5,322066611026,0,0,103,0,232,527527327,"{'cpus': 0.026580810546875, 'memory': 0.00247955322265625}",[],5,fo4BOkoBvrokv806zHeQ8BjHd6EN8Cheh81CIIIMEQI=,gEStfI7x6xrOH0mec59AAI0sY2dxxxHJWi2/fHsqrwI=,guU70mX/jVOEznxAHFglYYgQeudAFRv0LlR9YOd+5ok=,[],3.0,1.0,1470718000000,1470719000000,"{'cpus': 0.0, 'memory': 9.72747802734375e-05}","{'cpus': 0.0, 'memory': 9.72747802734375e-05}","{'cpus': 0.0, 'memory': None}",0.0041885375976562,0.0001630783081054,1.1659855842590332,0.0053058946505188,1.0,[],[],8,LOST,0
90,1823999394832,2,384650875475,1,0,103,0,220,21307872,"{'cpus': 0.0110015869140625, 'memory': 0.00681304931640625}",[],2,DHJYL1IYxKn7+hgqicbUBV4/cAvCGBBmmpO+F9Rb1P4=,Oz9I0mXjNOfqCaDsKncbgk4FKX0TQmTcYfSWbXA6HoY=,gcVYDlkagFFtR738Q8JgUmWUPhfQmLoxFm05PnxopEw=,[],2.0,1.0,1914000000000,1914300000000,"{'cpus': 0.000354766845703125, 'memory': 0.0010089874267578125}","{'cpus': 0.00146484375, 'memory': 0.001026153564453125}","{'cpus': 0.000518798828125, 'memory': None}",0.00518798828125,0.0005931854248046,4.268577575683594,0.016897190362215,1.0,"[0.00022984 0.00025558 0.00026989 0.00027752 0.0002861  0.00029373
 0.00030136 0.00031567 0.00036621 0.00062561 0.00180435]","[0.0006628  0.00067711 0.00069141 0.00070953 0.0007515  0.00078392
 0.000844   0.00092602 0.00114822]",1,FAIL,1
91,580867427573,2,281296015739,2,0,360,221495425324,1486,264458882867,"{'cpus': 0.020416259765625, 'memory': 0.0013027191162109375}",[],2,DrrEIEWkWuW7RrZwpHLCN0k0A2J0usJeyt3wtqzZ7Kk=,pwaDzSQVmTvD1yrKlNRtXL532DiS3LjtB/kR6GHOWRg=,mOIaNf8mXWKMT1ODsgfz3yhpFBedgNmcMaskvu55SBc=,[],2.0,0.0,703800000000,704100000000,"{'cpus': 0.0008182525634765625, 'memory': 0.0155792236328125}","{'cpus': 0.001739501953125, 'memory': 0.015594482421875}","{'cpus': 0.0009050369262695312, 'memory': None}",0.0,0.0009975433349609,2.934539794921875,0.0180031191557645,0.996666669845581,"[0.00046635 0.00063515 0.00070286 0.0007391  0.00077343 0.00080776
 0.00084209 0.00087547 0.00091553 0.00099564 0.0014801 ]","[0.00100708 0.00102043 0.00103951 0.00105858 0.00107956 0.00110245
 0.00119019 0.00127983 0.00140953]",7,FAIL,1
92,2583913101038,3,370794995307,0,0,0,0,2495,210000188889,"{'cpus': 0.0097198486328125, 'memory': 0.0022125244140625}","[{'name': '9eCGRtl6XN5GQoOYGEjKtupBbtUoOaOPYRFw+pzH7IU=', 'value': '0', 'relation': 1}]",3,ly4HE4d+6E8BqXgm6E1eGNKu8OiiZE+Gj/D4YUMRFDU=,baakNAuT/jMA2aE5gcSWORSMBDMmzc56PWYaIE9kKfs=,c3chkYTIgOxBUHA2xWkTkVyPqkdB/bfAYXnKFjJbZlg=,[],1.0,0.0,2635392000000,2635394000000,"{'cpus': 0.0, 'memory': 0.000335693359375}","{'cpus': 0.0, 'memory': 0.000335693359375}","{'cpus': 0.0, 'memory': None}",0.0022125244140625,0.0003252029418945,,,1.0,[0. 0. 0. 0. 0. 0. 0. 0. 0. 0. 0.],[0. 0. 0. 0. 0. 0. 0. 0. 0.],6,FINISH,0
93,2483362347778,0,198451272245,3,0,200,0,687,39376905681,"{'cpus': 0.00405120849609375, 'memory': 0.0123748779296875}",[],0,nC4Gd26vJprpxyVtLFNwR6d3niuqXz99eKthP5l2x9A=,VmGui/N4m9NjqaGgpMktSpZozcTrzAUXLI1o42VtDxE=,YS8mRoVxahM0MitPHLk7bfiBFpyLmJe+QoIX2NzWCrs=,[],1.0,0.0,315108000000,315109000000,"{'cpus': 0.0, 'memory': 5.14984130859375e-05}","{'cpus': 0.0, 'memory': 5.14984130859375e-05}","{'cpus': 0.0, 'memory': None}",0.0123748779296875,0.0002498626708984,1.0758339166641235,0.0029642381705343,1.0,"[0.00000000e+00 0.00000000e+00 0.00000000e+00 0.00000000e+00
 0.00000000e+00 0.00000000e+00 9.53674316e-07 9.53674316e-07
 9.53674316e-07 9.53674316e-07 9.53674316e-07]","[9.53674316e-07 9.53674316e-07 9.53674316e-07 9.53674316e-07
 9.53674316e-07 9.53674316e-07 9.53674316e-07 9.53674316e-07
 9.53674316e-07]",5,ENABLE,0
94,0,2,77793016507,2,0,103,0,3833,24196881615,"{'cpus': 0.018829345703125, 'memory': 0.0101165771484375}",[],2,+cz+wEXttqDjld+YWLmrgqExjdqiHMZ2WZODThyR9jE=,wbS5WYmNjmTWMk0RJFTlI/Gda07h2XgLYr3FzWMVzCc=,qV/I24Zx/NA6kN3SJYDbsXXxUdeEVqnYuWGP8e7Ptrs=,[],3.0,1.0,2314500000000,2314800000000,"{'cpus': 0.0009412765502929688, 'memory': 0.0002346038818359375}","{'cpus': 0.003147125244140625, 'memory': 0.000247955322265625}","{'cpus': 0.0008935928344726562, 'memory': None}",0.0004034042358398,0.0,1.3456554412841797,0.0082196304574608,1.0,"[0.00032711 0.00051498 0.0005846  0.00067616 0.0008049  0.00089264
 0.00100517 0.00106812 0.00116539 0.00126648 0.00297546]","[0.00131226 0.00137329 0.00141907 0.00160599 0.00165939 0.00178909
 0.00185394 0.00191879 0.00264359]",6,FAIL,1
95,1965193664734,0,710255342622,1,0,103,0,1759,61381493889,"{'cpus': 0.0066070556640625, 'memory': 0.00521087646484375}",[],0,DHJYL1IYxKn7+hgqicbUBV4/cAvCGBBmmpO+F9Rb1P4=,19SMgCt1aK90R6W4fqUiS5zCFCLX9WGFoY663Yencyk=,uTF49iJIJ/1iSywCxEeXcS9Q0ficGBx247YMAqAE4ZE=,[],1.0,1.0,985800000000,986100000000,"{'cpus': 0.0023651123046875, 'memory': 0.0018596649169921875}","{'cpus': 0.0079803466796875, 'memory': 0.001888275146484375}","{'cpus': 0.0005025863647460938, 'memory': None}",0.0052108764648437,0.0001649856567382,0.7188841700553894,0.001150750205852,1.0,"[0.0004282  0.00048923 0.00051689 0.00054646 0.00058556 0.00156212
 0.0031929  0.00369644 0.00417328 0.00492859 0.00796509]","[0.00498199 0.00527954 0.00563812 0.0058136  0.00598907 0.00622559
 0.00656128 0.00693512 0.00743866]",3,ENABLE,0
96,1274110959446,2,798205633057,2,0,360,698302736982,736,11275232688,"{'cpus': 0.01214599609375, 'memory': 0.0013027191162109375}",[],2,DrrEIEWkWuW7RrZwpHLCN0k0A2J0usJeyt3wtqzZ7Kk=,sKvpQodvOVYLFyh/UzTcFk1/JfjwK22JNnim9cKg1Rs=,mOIaNf8mXWKMT1ODsgfz3yhpFBedgNmcMaskvu55SBc=,[],2.0,0.0,1707600000000,1707900000000,"{'cpus': 0.004974365234375, 'memory': 0.0135955810546875}","{'cpus': 0.05206298828125, 'memory': 0.0142669677734375}","{'cpus': 0.0007066726684570312, 'memory': None}",0.0,0.0005931854248046,1.3077548742294312,0.0034663216210901,1.0,"[0.00038147 0.00047684 0.00051785 0.00055695 0.00060081 0.00065708
 0.00073624 0.00421906 0.0088501  0.01554871 0.04748535]","[0.01708984 0.019104   0.02011108 0.02038574 0.02255249 0.02886963
 0.03143311 0.0355835  0.04229736]",4,FAIL,1
97,1675635736063,3,39516992187,2,0,0,0,6272,35892175076,"{'cpus': 0.0023193359375, 'memory': 0.00020885467529296875}",[],3,+cz+wEXttqDjld+YWLmrgqExjdqiHMZ2WZODThyR9jE=,WS2kraTQdfsFtOIepw9SIo7ETi2ag8uwy7gt2MrpIe0=,VJ0ExwthLLpbqbyOA77EoNypzEiPYg3mECxUve0GCnY=,[],3.0,0.0,85136000000,85138000000,"{'cpus': 0.0, 'memory': 8.58306884765625e-06}","{'cpus': 0.0, 'memory': 8.58306884765625e-06}","{'cpus': 0.0, 'memory': None}",0.0002317428588867,0.0,1.417979121208191,0.0033657178282737,1.0,[0. 0. 0. 0. 0. 0. 0. 0. 0. 0. 0.],[0. 0. 0. 0. 0. 0. 0. 0. 0.],1,FINISH,0
98,380122576504,2,294544747384,1,0,103,0,89,182150555989,"{'cpus': 0.0066070556640625, 'memory': 0.00521087646484375}",[],2,DHJYL1IYxKn7+hgqicbUBV4/cAvCGBBmmpO+F9Rb1P4=,19SMgCt1aK90R6W4fqUiS5zCFCLX9WGFoY663Yencyk=,uTF49iJIJ/1iSywCxEeXcS9Q0ficGBx247YMAqAE4ZE=,[],1.0,1.0,639900000000,640200000000,"{'cpus': 0.000400543212890625, 'memory': 0.00115966796875}","{'cpus': 0.001201629638671875, 'memory': 0.0011615753173828125}","{'cpus': 0.000370025634765625, 'memory': None}",0.0052108764648437,0.0002899169921875,2.6268043518066406,0.0125976046547293,1.0,"[0.00031662 0.00034904 0.00035858 0.00036526 0.00037193 0.00037956
 0.00038624 0.00039291 0.00041199 0.00043869 0.00120354]","[0.00044537 0.00045967 0.00047493 0.00055027 0.00067139 0.00070477
 0.00072289 0.00074196 0.0007925 ]",8,FAIL,1
